<?xml version="1.0" encoding="utf-8" ?>
<kml xmlns="http://www.opengis.net/kml/2.2">
<Document id="root_doc">
<Schema name="main_layer" id="main_layer">
	<SimpleField name="timestamp" type="string"></SimpleField>
	<SimpleField name="begin" type="string"></SimpleField>
	<SimpleField name="end" type="string"></SimpleField>
	<SimpleField name="altitudeMode" type="string"></SimpleField>
	<SimpleField name="tessellate" type="int"></SimpleField>
	<SimpleField name="extrude" type="int"></SimpleField>
	<SimpleField name="visibility" type="int"></SimpleField>
	<SimpleField name="drawOrder" type="int"></SimpleField>
	<SimpleField name="icon" type="string"></SimpleField>
	<SimpleField name="name_az" type="string"></SimpleField>
	<SimpleField name="name_be" type="string"></SimpleField>
	<SimpleField name="name_be_tarask" type="string"></SimpleField>
	<SimpleField name="name_bg" type="string"></SimpleField>
	<SimpleField name="name_ca" type="string"></SimpleField>
	<SimpleField name="name_crh" type="string"></SimpleField>
	<SimpleField name="name_cs" type="string"></SimpleField>
	<SimpleField name="name_de" type="string"></SimpleField>
	<SimpleField name="name_en" type="string"></SimpleField>
	<SimpleField name="name_eo" type="string"></SimpleField>
	<SimpleField name="name_es" type="string"></SimpleField>
	<SimpleField name="name_et" type="string"></SimpleField>
	<SimpleField name="name_eu" type="string"></SimpleField>
	<SimpleField name="name_fa" type="string"></SimpleField>
	<SimpleField name="name_fi" type="string"></SimpleField>
	<SimpleField name="name_fr" type="string"></SimpleField>
	<SimpleField name="name_ga" type="string"></SimpleField>
	<SimpleField name="name_hr" type="string"></SimpleField>
	<SimpleField name="name_hu" type="string"></SimpleField>
	<SimpleField name="name_hy" type="string"></SimpleField>
	<SimpleField name="name_id" type="string"></SimpleField>
	<SimpleField name="name_it" type="string"></SimpleField>
	<SimpleField name="name_ja" type="string"></SimpleField>
	<SimpleField name="name_ka" type="string"></SimpleField>
	<SimpleField name="name_ko" type="string"></SimpleField>
	<SimpleField name="name_lt" type="string"></SimpleField>
	<SimpleField name="name_lv" type="string"></SimpleField>
	<SimpleField name="name_mk" type="string"></SimpleField>
	<SimpleField name="name_mr" type="string"></SimpleField>
	<SimpleField name="name_nan" type="string"></SimpleField>
	<SimpleField name="name_nl" type="string"></SimpleField>
	<SimpleField name="name_nn" type="string"></SimpleField>
	<SimpleField name="name_no" type="string"></SimpleField>
	<SimpleField name="name_os" type="string"></SimpleField>
	<SimpleField name="name_pl" type="string"></SimpleField>
	<SimpleField name="name_pnb" type="string"></SimpleField>
	<SimpleField name="name_pt" type="string"></SimpleField>
	<SimpleField name="name_ro" type="string"></SimpleField>
	<SimpleField name="name_ru" type="string"></SimpleField>
	<SimpleField name="name_rue" type="string"></SimpleField>
	<SimpleField name="name_sco" type="string"></SimpleField>
	<SimpleField name="name_sh" type="string"></SimpleField>
	<SimpleField name="ISO3166_1" type="string"></SimpleField>
	<SimpleField name="ISO3166_1_alpha2" type="string"></SimpleField>
	<SimpleField name="ISO3166_1_alpha3" type="string"></SimpleField>
	<SimpleField name="ISO3166_1_numeric" type="string"></SimpleField>
	<SimpleField name="according_to_RU" type="string"></SimpleField>
	<SimpleField name="according_to_UA" type="string"></SimpleField>
	<SimpleField name="alt_name_eo" type="string"></SimpleField>
	<SimpleField name="alt_name_vi" type="string"></SimpleField>
	<SimpleField name="default_language" type="string"></SimpleField>
	<SimpleField name="flag" type="string"></SimpleField>
	<SimpleField name="int_name" type="string"></SimpleField>
	<SimpleField name="name_ab" type="string"></SimpleField>
	<SimpleField name="name_ace" type="string"></SimpleField>
	<SimpleField name="name_af" type="string"></SimpleField>
	<SimpleField name="name_als" type="string"></SimpleField>
	<SimpleField name="name_am" type="string"></SimpleField>
	<SimpleField name="name_an" type="string"></SimpleField>
	<SimpleField name="name_ang" type="string"></SimpleField>
	<SimpleField name="name_arc" type="string"></SimpleField>
	<SimpleField name="name_arz" type="string"></SimpleField>
	<SimpleField name="name_ast" type="string"></SimpleField>
	<SimpleField name="name_ba" type="string"></SimpleField>
	<SimpleField name="name_bar" type="string"></SimpleField>
	<SimpleField name="name_bat_smg" type="string"></SimpleField>
	<SimpleField name="name_bcl" type="string"></SimpleField>
	<SimpleField name="name_bi" type="string"></SimpleField>
	<SimpleField name="name_bn" type="string"></SimpleField>
	<SimpleField name="name_bo" type="string"></SimpleField>
	<SimpleField name="name_bpy" type="string"></SimpleField>
	<SimpleField name="name_br" type="string"></SimpleField>
	<SimpleField name="name_bs" type="string"></SimpleField>
	<SimpleField name="name_bxr" type="string"></SimpleField>
	<SimpleField name="name_cbk_zam" type="string"></SimpleField>
	<SimpleField name="name_cdo" type="string"></SimpleField>
	<SimpleField name="name_ce" type="string"></SimpleField>
	<SimpleField name="name_ceb" type="string"></SimpleField>
	<SimpleField name="name_chr" type="string"></SimpleField>
	<SimpleField name="name_chy" type="string"></SimpleField>
	<SimpleField name="name_ckb" type="string"></SimpleField>
	<SimpleField name="name_cnr" type="string"></SimpleField>
</Schema>
<Folder><name>main_layer</name>
  <Placemark>
	<name></name>
	<description></description>
	<Style><LineStyle><color>ff0000ff</color></LineStyle><PolyStyle><fill>0</fill></PolyStyle></Style>
	<ExtendedData><SchemaData schemaUrl="#main_layer">
		<SimpleData name="tessellate">0</SimpleData>
		<SimpleData name="extrude">0</SimpleData>
		<SimpleData name="visibility">0</SimpleData>
		<SimpleData name="name_az"></SimpleData>
		<SimpleData name="name_be"></SimpleData>
		<SimpleData name="name_be_tarask"></SimpleData>
		<SimpleData name="name_bg"></SimpleData>
		<SimpleData name="name_ca"></SimpleData>
		<SimpleData name="name_crh"></SimpleData>
		<SimpleData name="name_cs"></SimpleData>
		<SimpleData name="name_de"></SimpleData>
		<SimpleData name="name_en"></SimpleData>
		<SimpleData name="name_eo"></SimpleData>
		<SimpleData name="name_es"></SimpleData>
		<SimpleData name="name_et"></SimpleData>
		<SimpleData name="name_eu"></SimpleData>
		<SimpleData name="name_fa"></SimpleData>
		<SimpleData name="name_fi"></SimpleData>
		<SimpleData name="name_fr"></SimpleData>
		<SimpleData name="name_ga"></SimpleData>
		<SimpleData name="name_hr"></SimpleData>
		<SimpleData name="name_hu"></SimpleData>
		<SimpleData name="name_hy"></SimpleData>
		<SimpleData name="name_id"></SimpleData>
		<SimpleData name="name_it"></SimpleData>
		<SimpleData name="name_ja"></SimpleData>
		<SimpleData name="name_ka"></SimpleData>
		<SimpleData name="name_ko"></SimpleData>
		<SimpleData name="name_lt"></SimpleData>
		<SimpleData name="name_lv"></SimpleData>
		<SimpleData name="name_mk"></SimpleData>
		<SimpleData name="name_mr"></SimpleData>
		<SimpleData name="name_nan"></SimpleData>
		<SimpleData name="name_nl"></SimpleData>
		<SimpleData name="name_nn"></SimpleData>
		<SimpleData name="name_no"></SimpleData>
		<SimpleData name="name_os"></SimpleData>
		<SimpleData name="name_pl"></SimpleData>
		<SimpleData name="name_pnb"></SimpleData>
		<SimpleData name="name_pt"></SimpleData>
		<SimpleData name="name_ro"></SimpleData>
		<SimpleData name="name_ru"></SimpleData>
		<SimpleData name="name_rue"></SimpleData>
		<SimpleData name="name_sco"></SimpleData>
		<SimpleData name="name_sh"></SimpleData>
		<SimpleData name="ISO3166_1"></SimpleData>
		<SimpleData name="ISO3166_1_alpha2"></SimpleData>
		<SimpleData name="ISO3166_1_alpha3"></SimpleData>
		<SimpleData name="ISO3166_1_numeric"></SimpleData>
		<SimpleData name="according_to_RU"></SimpleData>
		<SimpleData name="according_to_UA"></SimpleData>
		<SimpleData name="alt_name_eo"></SimpleData>
		<SimpleData name="alt_name_vi"></SimpleData>
		<SimpleData name="default_language"></SimpleData>
		<SimpleData name="flag"></SimpleData>
		<SimpleData name="int_name"></SimpleData>
		<SimpleData name="name_ab"></SimpleData>
		<SimpleData name="name_ace"></SimpleData>
		<SimpleData name="name_af"></SimpleData>
		<SimpleData name="name_als"></SimpleData>
		<SimpleData name="name_am"></SimpleData>
		<SimpleData name="name_an"></SimpleData>
		<SimpleData name="name_ang"></SimpleData>
		<SimpleData name="name_arc"></SimpleData>
		<SimpleData name="name_arz"></SimpleData>
		<SimpleData name="name_ast"></SimpleData>
		<SimpleData name="name_ba"></SimpleData>
		<SimpleData name="name_bar"></SimpleData>
		<SimpleData name="name_bat_smg"></SimpleData>
		<SimpleData name="name_bcl"></SimpleData>
		<SimpleData name="name_bi"></SimpleData>
		<SimpleData name="name_bn"></SimpleData>
		<SimpleData name="name_bo"></SimpleData>
		<SimpleData name="name_bpy"></SimpleData>
		<SimpleData name="name_br"></SimpleData>
		<SimpleData name="name_bs"></SimpleData>
		<SimpleData name="name_bxr"></SimpleData>
		<SimpleData name="name_cbk_zam"></SimpleData>
		<SimpleData name="name_cdo"></SimpleData>
		<SimpleData name="name_ce"></SimpleData>
		<SimpleData name="name_ceb"></SimpleData>
		<SimpleData name="name_chr"></SimpleData>
		<SimpleData name="name_chy"></SimpleData>
		<SimpleData name="name_ckb"></SimpleData>
		<SimpleData name="name_cnr"></SimpleData>
	</SchemaData></ExtendedData>
      <Polygon><outerBoundaryIs><LinearRing><coordinates>37.885263,49.030739,0 37.888601,49.028839,0 37.891363,49.026726,0 37.894039,49.024482,0 37.89663,49.022107,0 37.899134,49.019602,0 37.899394,49.019318,0 37.900567,49.020644,0 37.902342,49.022347,0 37.904199,49.023838,0 37.906139,49.025117,0 37.908162,49.026186,0 37.910267,49.027042,0 37.912455,49.027687,0 37.914726,49.028121,0 37.916903,49.028658,0 37.91773,49.028912,0 37.916527,49.031424,0 37.912213,49.035957,0 37.90386,49.042347,0 37.90254,49.043274,0 37.897131,49.04676,0 37.894973,49.047968,0 37.890369,49.050184,0 37.888465,49.050982,0 37.883631,49.052721,0 37.881698,49.053308,0 37.876634,49.054571,0 37.875456,49.054827,0 37.869816,49.055876,0 37.868826,49.056035,0 37.86261,49.056872,0 37.861772,49.056967,0 37.854981,49.057591,0 37.854266,49.057644,0 37.846988,49.058051,0 37.839684,49.058523,0 37.832265,49.059067,0 37.824732,49.059681,0 37.817084,49.060366,0 37.809321,49.061123,0 37.801444,49.061951,0 37.793452,49.062851,0 37.785278,49.06383,0 37.78465,49.063895,0 37.777001,49.064567,0 37.776261,49.064618,0 37.769208,49.064975,0 37.768326,49.065,0 37.76187,49.065041,0 37.760807,49.06502,0 37.754947,49.064745,0 37.753655,49.064643,0 37.748392,49.064053,0 37.74681,49.063811,0 37.742144,49.062906,0 37.740207,49.062429,0 37.736136,49.061208,0 37.733793,49.060342,0 37.730685,49.058968,0 37.727866,49.057853,0 37.724962,49.056836,0 37.721968,49.055915,0 37.718882,49.055093,0 37.715701,49.05437,0 37.712423,49.053747,0 37.709044,49.053228,0 37.705237,49.052774,0 37.705152,49.052764,0 37.701265,49.052284,0 37.701169,49.052271,0 37.697538,49.051805,0 37.697427,49.05179,0 37.694052,49.051338,0 37.693923,49.05132,0 37.690805,49.050881,0 37.690654,49.050859,0 37.687792,49.050433,0 37.687611,49.050406,0 37.685006,49.049994,0 37.684787,49.049958,0 37.682438,49.04956,0 37.682166,49.049513,0 37.680074,49.049128,0 37.678904,49.048877,0 37.676908,49.048386,0 37.675677,49.04804,0 37.673778,49.047442,0 37.673034,49.047179,0 37.672348,49.047698,0 37.672038,49.047912,0 37.670833,49.048683,0 37.670483,49.04889,0 37.669404,49.049483,0 37.669014,49.049682,0 37.668054,49.05014,0 37.667624,49.050332,0 37.666772,49.050688,0 37.666303,49.050871,0 37.665546,49.051149,0 37.665037,49.051325,0 37.664364,49.051544,0 37.663815,49.051712,0 37.66314,49.051906,0 37.66242,49.052099,0 37.661994,49.052208,0 37.661103,49.052425,0 37.660811,49.052495,0 37.659749,49.052737,0 37.659535,49.052785,0 37.658303,49.053053,0 37.658141,49.053087,0 37.656738,49.05338,0 37.65661,49.053406,0 37.655036,49.053723,0 37.654933,49.053744,0 37.653189,49.054086,0 37.653104,49.054102,0 37.651189,49.054469,0 37.651127,49.054481,0 37.649343,49.054817,0 37.649272,49.054831,0 37.647619,49.055136,0 37.647535,49.055151,0 37.646012,49.055426,0 37.645912,49.055443,0 37.64452,49.055687,0 37.644399,49.055708,0 37.643138,49.05592,0 37.642989,49.055945,0 37.641858,49.056127,0 37.641669,49.056156,0 37.640669,49.056307,0 37.640421,49.056343,0 37.639553,49.056463,0 37.639254,49.056502,0 37.638844,49.056553,0 37.637744,49.057707,0 37.63747,49.057965,0 37.635855,49.059332,0 37.635551,49.059563,0 37.633878,49.060705,0 37.633542,49.06091,0 37.631873,49.061823,0 37.631507,49.062001,0 37.630262,49.062556,0 37.629871,49.062715,0 37.628678,49.063154,0 37.628264,49.063292,0 37.62775,49.063447,0 37.62816,49.063737,0 37.62913,49.064467,0 37.631981,49.066753,0 37.633237,49.067849,0 37.635477,49.069974,0 37.63711,49.071721,0 37.638737,49.073684,0 37.640764,49.076632,0 37.641779,49.078434,0 37.643776,49.08348,0 37.644179,49.085121,0 37.644558,49.092689,0 37.644349,49.094169,0 37.642775,49.099598,0 37.642037,49.101232,0 37.640131,49.10456,0 37.638865,49.106348,0 37.637232,49.108364,0 37.635438,49.110306,0 37.634147,49.111581,0 37.631824,49.113678,0 37.630816,49.114529,0 37.627964,49.11678,0 37.627168,49.117377,0 37.623788,49.119781,0 37.623148,49.120218,0 37.622534,49.12062,0 37.624234,49.121273,0 37.631881,49.124021,0 37.639561,49.126577,0 37.647289,49.128946,0 37.655065,49.131129,0 37.66289,49.133126,0 37.670766,49.134938,0 37.678693,49.136563,0 37.686671,49.138004,0 37.694934,49.139295,0 37.695055,49.139314,0 37.702507,49.140525,0 37.702667,49.140552,0 37.709076,49.141647,0 37.709296,49.141686,0 37.714662,49.142664,0 37.714986,49.142726,0 37.719308,49.143588,0 37.719832,49.1437,0 37.72311,49.144446,0 37.724097,49.144697,0 37.726331,49.145327,0 37.728824,49.146211,0 37.730015,49.146724,0 37.734627,49.149502,0 37.737364,49.152389,0 37.737471,49.152482,0 37.738478,49.15329,0 37.73996,49.154421,0 37.74186,49.155821,0 37.744148,49.157463,0 37.746776,49.159309,0 37.749286,49.161029,0 37.75168,49.162626,0 37.753958,49.164099,0 37.756113,49.165447,0 37.758143,49.16667,0 37.760042,49.167766,0 37.761802,49.168734,0 37.763648,49.169694,0 37.763745,49.169745,0 37.765639,49.170744,0 37.765753,49.170804,0 37.76749,49.171734,0 37.767624,49.171807,0 37.769204,49.172669,0 37.769367,49.172758,0 37.77079,49.173552,0 37.770989,49.173664,0 37.772255,49.174389,0 37.772505,49.174534,0 37.773614,49.175191,0 37.773936,49.175386,0 37.774342,49.175636,0 37.774775,49.175719,0 37.775716,49.175859,0 37.776919,49.175994,0 37.778506,49.176124,0 37.78039,49.176255,0 37.782399,49.176372,0 37.784532,49.176476,0 37.786784,49.176565,0 37.789156,49.176638,0 37.791644,49.176696,0 37.794249,49.176739,0 37.797029,49.176765,0 37.797403,49.176773,0 37.800417,49.176858,0 37.800752,49.17687,0 37.803933,49.177014,0 37.804233,49.17703,0 37.807582,49.177231,0 37.807853,49.17725,0 37.811369,49.177509,0 37.811615,49.177529,0 37.815298,49.177847,0 37.815522,49.177868,0 37.819372,49.178244,0 37.819577,49.178265,0 37.823595,49.178699,0 37.823783,49.17872,0 37.827968,49.179212,0 37.829052,49.17937,0 37.832892,49.180037,0 37.83415,49.180297,0 37.837645,49.181138,0 37.839102,49.181547,0 37.842252,49.182563,0 37.843926,49.183186,0 37.84673,49.184376,0 37.848621,49.185298,0 37.85108,49.186661,0 37.853147,49.18798,0 37.855261,49.189518,0 37.857406,49.191322,0 37.859174,49.193034,0 37.861229,49.195359,0 37.862034,49.196426,0 37.862297,49.196709,0 37.862702,49.197067,0 37.863301,49.197504,0 37.864139,49.198011,0 37.865249,49.198567,0 37.86665,49.199147,0 37.868355,49.199724,0 37.87088,49.200415,0 37.871593,49.200624,0 37.874433,49.201516,0 37.875255,49.201793,0 37.877839,49.202729,0 37.878791,49.203102,0 37.881119,49.204083,0 37.882225,49.204588,0 37.884296,49.205613,0 37.885579,49.206307,0 37.887394,49.207377,0 37.888869,49.208335,0 37.890428,49.209449,0 37.892091,49.210776,0 37.893393,49.211934,0 37.895193,49.213753,0 37.89521,49.213773,0 37.894333,49.214334,0 37.891842,49.216264,0 37.889753,49.218272,0 37.888067,49.22036,0 37.886783,49.222527,0 37.885901,49.224774,0 37.885801,49.226923,0 37.886485,49.228974,0 37.887951,49.230929,0 37.8902,49.232786,0 37.893231,49.234546,0 37.89559,49.235575,0 37.895124,49.235459,0 37.893265,49.234937,0 37.891386,49.234349,0 37.889612,49.233685,0 37.887942,49.232943,0 37.886376,49.232125,0 37.884913,49.23123,0 37.883555,49.230258,0 37.882301,49.229209,0 37.881151,49.228084,0 37.880104,49.226881,0 37.878802,49.225723,0 37.877242,49.224609,0 37.875427,49.223539,0 37.873355,49.222514,0 37.871027,49.221534,0 37.868443,49.220597,0 37.865602,49.219706,0 37.862505,49.218858,0 37.859617,49.217881,0 37.856938,49.216773,0 37.854469,49.215536,0 37.852209,49.214169,0 37.850158,49.212672,0 37.848316,49.211045,0 37.846684,49.209289,0 37.845261,49.207402,0 37.843493,49.205689,0 37.841379,49.204151,0 37.83892,49.202788,0 37.836116,49.201598,0 37.832967,49.200583,0 37.829472,49.199742,0 37.825632,49.199075,0 37.821446,49.198583,0 37.817428,49.198149,0 37.813578,49.197773,0 37.809895,49.197455,0 37.806379,49.197195,0 37.803031,49.196994,0 37.79985,49.19685,0 37.796836,49.196764,0 37.79399,49.196737,0 37.791249,49.196693,0 37.788612,49.196631,0 37.78608,49.196553,0 37.783653,49.196457,0 37.78133,49.196344,0 37.779111,49.196214,0 37.776998,49.196067,0 37.774989,49.195903,0 37.773132,49.195694,0 37.771426,49.195441,0 37.769872,49.195144,0 37.76847,49.194802,0 37.76722,49.194416,0 37.766121,49.193985,0 37.765174,49.19351,0 37.764379,49.19299,0 37.763427,49.192402,0 37.762318,49.191745,0 37.761052,49.191021,0 37.759629,49.190227,0 37.758049,49.189366,0 37.756312,49.188436,0 37.754418,49.187437,0 37.752367,49.18637,0 37.750222,49.185191,0 37.747983,49.183898,0 37.745649,49.182492,0 37.743222,49.180974,0 37.7407,49.179342,0 37.738084,49.177598,0 37.735374,49.175741,0 37.73257,49.173771,0 37.730098,49.171998,0 37.727958,49.170421,0 37.726151,49.169041,0 37.724676,49.167857,0 37.723532,49.166871,0 37.722722,49.16608,0 37.722243,49.165487,0 37.722096,49.16509,0 37.720906,49.164577,0 37.718672,49.163947,0 37.715395,49.163202,0 37.711073,49.162339,0 37.705708,49.161361,0 37.699299,49.160266,0 37.691847,49.159055,0 37.68335,49.157727,0 37.674906,49.156203,0 37.666515,49.154482,0 37.658175,49.152564,0 37.649888,49.150449,0 37.641654,49.148137,0 37.633471,49.145629,0 37.625341,49.142923,0 37.617263,49.140021,0 37.610185,49.1373,0 37.604106,49.13476,0 37.599026,49.132402,0 37.594945,49.130225,0 37.591864,49.128229,0 37.589781,49.126415,0 37.588698,49.124782,0 37.588615,49.12333,0 37.589096,49.121721,0 37.590142,49.119954,0 37.591754,49.11803,0 37.59393,49.115947,0 37.596671,49.113708,0 37.599978,49.11131,0 37.603849,49.108756,0 37.608286,49.106043,0 37.612194,49.103485,0 37.615574,49.10108,0 37.618425,49.09883,0 37.620748,49.096733,0 37.622542,49.094791,0 37.623808,49.093003,0 37.624546,49.091369,0 37.624755,49.089889,0 37.624352,49.088248,0 37.623337,49.086445,0 37.62171,49.084482,0 37.619471,49.082357,0 37.61662,49.080071,0 37.613157,49.077625,0 37.609081,49.075017,0 37.604393,49.072247,0 37.600164,49.069651,0 37.596392,49.067228,0 37.593077,49.064978,0 37.590221,49.062901,0 37.587822,49.060997,0 37.585881,49.059265,0 37.584398,49.057707,0 37.583373,49.056322,0 37.582393,49.055057,0 37.581459,49.053912,0 37.580571,49.052887,0 37.579729,49.051982,0 37.578932,49.051197,0 37.578181,49.050532,0 37.577476,49.049986,0 37.576817,49.049561,0 37.576285,49.049155,0 37.575879,49.048768,0 37.575601,49.048399,0 37.575449,49.048049,0 37.575424,49.047718,0 37.575526,49.047406,0 37.575755,49.047113,0 37.576111,49.046839,0 37.576447,49.046512,0 37.576764,49.046133,0 37.57706,49.045702,0 37.577338,49.045218,0 37.577595,49.044683,0 37.577833,49.044094,0 37.578052,49.043454,0 37.578251,49.042761,0 37.57848,49.04212,0 37.578739,49.04153,0 37.579028,49.040992,0 37.579347,49.040505,0 37.579696,49.040069,0 37.580075,49.039685,0 37.580485,49.039352,0 37.580924,49.039071,0 37.581403,49.03886,0 37.581921,49.03872,0 37.582478,49.038649,0 37.583074,49.038649,0 37.58371,49.03872,0 37.584385,49.03886,0 37.585099,49.039071,0 37.585852,49.039352,0 37.586697,49.039659,0 37.587634,49.039991,0 37.588662,49.040348,0 37.589781,49.04073,0 37.590992,49.041138,0 37.592295,49.041571,0 37.593689,49.042029,0 37.595175,49.042513,0 37.596561,49.04295,0 37.597847,49.04334,0 37.599032,49.043683,0 37.600118,49.04398,0 37.601103,49.04423,0 37.601989,49.044433,0 37.602774,49.044589,0 37.60346,49.044699,0 37.604101,49.044794,0 37.604697,49.044873,0 37.605249,49.044938,0 37.605756,49.044988,0 37.606219,49.045023,0 37.606638,49.045042,0 37.607012,49.045047,0 37.607342,49.045037,0 37.607701,49.04502,0 37.608089,49.044998,0 37.608507,49.04497,0 37.608954,49.044936,0 37.609431,49.044895,0 37.609937,49.044849,0 37.610473,49.044797,0 37.611038,49.044738,0 37.611594,49.044691,0 37.612142,49.044655,0 37.612682,49.04463,0 37.613213,49.044617,0 37.613735,49.044614,0 37.614249,49.044623,0 37.614755,49.044642,0 37.615252,49.044673,0 37.615757,49.044698,0 37.616269,49.044717,0 37.61679,49.04473,0 37.617318,49.044737,0 37.617855,49.044737,0 37.618399,49.044732,0 37.618951,49.044721,0 37.61951,49.044704,0 37.620046,49.044667,0 37.620557,49.044609,0 37.621045,49.044532,0 37.621508,49.044434,0 37.621947,49.044316,0 37.622361,49.044178,0 37.622752,49.04402,0 37.623118,49.043842,0 37.623453,49.043637,0 37.623758,49.043405,0 37.624032,49.043147,0 37.624275,49.042863,0 37.624488,49.042551,0 37.62467,49.042214,0 37.624821,49.041849,0 37.624941,49.041458,0 37.625061,49.041082,0 37.62518,49.040721,0 37.625298,49.040375,0 37.625416,49.040044,0 37.625533,49.039728,0 37.625649,49.039427,0 37.625765,49.039142,0 37.62588,49.038871,0 37.626003,49.03862,0 37.626134,49.03839,0 37.626272,49.038181,0 37.626419,49.037993,0 37.626573,49.037825,0 37.626735,49.037677,0 37.626906,49.03755,0 37.627083,49.037444,0 37.627334,49.037351,0 37.627657,49.037271,0 37.628053,49.037205,0 37.628521,49.037151,0 37.629062,49.037112,0 37.629675,49.037085,0 37.630361,49.037072,0 37.63112,49.037072,0 37.631892,49.037057,0 37.632678,49.037027,0 37.633478,49.036982,0 37.634291,49.036922,0 37.635119,49.036847,0 37.63596,49.036757,0 37.636814,49.036652,0 37.637683,49.036532,0 37.638682,49.036381,0 37.639812,49.036199,0 37.641073,49.035986,0 37.642465,49.035743,0 37.643987,49.035468,0 37.64564,49.035163,0 37.647424,49.034827,0 37.649339,49.03446,0 37.651083,49.034118,0 37.652657,49.0338,0 37.654059,49.033508,0 37.655291,49.033241,0 37.656353,49.032998,0 37.657243,49.03278,0 37.657964,49.032587,0 37.658513,49.032419,0 37.659022,49.032243,0 37.659492,49.03206,0 37.659921,49.031869,0 37.660311,49.03167,0 37.660661,49.031463,0 37.660971,49.031249,0 37.661241,49.031026,0 37.661471,49.030797,0 37.66166,49.030571,0 37.661806,49.03035,0 37.661911,49.030133,0 37.661974,49.02992,0 37.661995,49.029712,0 37.661974,49.029508,0 37.661911,49.029308,0 37.661806,49.029112,0 37.661655,49.028909,0 37.661458,49.028698,0 37.661214,49.028479,0 37.660923,49.028253,0 37.660587,49.028019,0 37.660203,49.027777,0 37.659774,49.027528,0 37.659298,49.02727,0 37.658831,49.027013,0 37.658375,49.026754,0 37.657928,49.026496,0 37.657491,49.026237,0 37.657064,49.025977,0 37.656647,49.025718,0 37.65624,49.025457,0 37.655842,49.025197,0 37.655483,49.024941,0 37.655163,49.024689,0 37.654881,49.024443,0 37.654637,49.024201,0 37.654433,49.023964,0 37.654267,49.023731,0 37.654139,49.023504,0 37.65405,49.023281,0 37.653988,49.023055,0 37.653953,49.022826,0 37.653944,49.022594,0 37.653963,49.022358,0 37.654008,49.02212,0 37.65408,49.021879,0 37.654178,49.021635,0 37.654304,49.021388,0 37.654441,49.021163,0 37.65459,49.020959,0 37.654751,49.020776,0 37.654924,49.020615,0 37.655108,49.020475,0 37.655304,49.020357,0 37.655512,49.02026,0 37.655732,49.020184,0 37.655996,49.020118,0 37.656305,49.020062,0 37.656658,49.020014,0 37.657056,49.019977,0 37.657498,49.019948,0 37.657984,49.019929,0 37.658515,49.01992,0 37.659091,49.01992,0 37.659648,49.019914,0 37.660187,49.019902,0 37.660708,49.019884,0 37.66121,49.01986,0 37.661694,49.01983,0 37.662159,49.019794,0 37.662607,49.019752,0 37.663036,49.019704,0 37.663424,49.019647,0 37.663773,49.01958,0 37.664081,49.019504,0 37.664349,49.01942,0 37.664577,49.019325,0 37.664765,49.019222,0 37.664913,49.019109,0 37.66502,49.018988,0 37.66512,49.018875,0 37.665214,49.018772,0 37.6653,49.018678,0 37.66538,49.018593,0 37.665453,49.018517,0 37.665519,49.01845,0 37.665578,49.018393,0 37.665631,49.018345,0 37.665841,49.018458,0 37.66621,49.018733,0 37.666737,49.019169,0 37.667422,49.019766,0 37.668266,49.020524,0 37.669268,49.021443,0 37.670428,49.022524,0 37.671746,49.023766,0 37.673162,49.0249,0 37.674674,49.025928,0 37.676282,49.026848,0 37.677988,49.027661,0 37.67979,49.028367,0 37.681689,49.028966,0 37.683685,49.029457,0 37.685778,49.029841,0 37.688127,49.030239,0 37.690732,49.030651,0 37.693594,49.031076,0 37.696712,49.031515,0 37.700087,49.031968,0 37.703717,49.032434,0 37.707605,49.032915,0 37.711748,49.033409,0 37.715808,49.034033,0 37.719784,49.034787,0 37.723676,49.035672,0 37.727485,49.036687,0 37.73121,49.037833,0 37.734851,49.039109,0 37.738409,49.040515,0 37.741883,49.042051,0 37.745953,49.043272,0 37.75062,49.044177,0 37.755883,49.044767,0 37.761742,49.045042,0 37.768198,49.045001,0 37.77525,49.044644,0 37.782899,49.043972,0 37.791144,49.042984,0 37.79928,49.042068,0 37.807305,49.041225,0 37.815221,49.040453,0 37.823026,49.039754,0 37.830722,49.039126,0 37.838308,49.03857,0 37.845784,49.038087,0 37.85315,49.037675,0 37.859941,49.037051,0 37.866157,49.036214,0 37.871796,49.035164,0 37.876861,49.033902,0 37.881349,49.032427,0 37.885263,49.030739,0</coordinates></LinearRing></outerBoundaryIs></Polygon>
  </Placemark>
  <Placemark>
	<name></name>
	<description></description>
	<Style><LineStyle><color>ff0000ff</color></LineStyle><PolyStyle><fill>0</fill></PolyStyle></Style>
	<ExtendedData><SchemaData schemaUrl="#main_layer">
		<SimpleData name="tessellate">-1</SimpleData>
		<SimpleData name="extrude">0</SimpleData>
		<SimpleData name="visibility">-1</SimpleData>
		<SimpleData name="name_az"></SimpleData>
		<SimpleData name="name_be"></SimpleData>
		<SimpleData name="name_be_tarask"></SimpleData>
		<SimpleData name="name_bg"></SimpleData>
		<SimpleData name="name_ca"></SimpleData>
		<SimpleData name="name_crh"></SimpleData>
		<SimpleData name="name_cs"></SimpleData>
		<SimpleData name="name_de"></SimpleData>
		<SimpleData name="name_en"></SimpleData>
		<SimpleData name="name_eo"></SimpleData>
		<SimpleData name="name_es"></SimpleData>
		<SimpleData name="name_et"></SimpleData>
		<SimpleData name="name_eu"></SimpleData>
		<SimpleData name="name_fa"></SimpleData>
		<SimpleData name="name_fi"></SimpleData>
		<SimpleData name="name_fr"></SimpleData>
		<SimpleData name="name_ga"></SimpleData>
		<SimpleData name="name_hr"></SimpleData>
		<SimpleData name="name_hu"></SimpleData>
		<SimpleData name="name_hy"></SimpleData>
		<SimpleData name="name_id"></SimpleData>
		<SimpleData name="name_it"></SimpleData>
		<SimpleData name="name_ja"></SimpleData>
		<SimpleData name="name_ka"></SimpleData>
		<SimpleData name="name_ko"></SimpleData>
		<SimpleData name="name_lt"></SimpleData>
		<SimpleData name="name_lv"></SimpleData>
		<SimpleData name="name_mk"></SimpleData>
		<SimpleData name="name_mr"></SimpleData>
		<SimpleData name="name_nan"></SimpleData>
		<SimpleData name="name_nl"></SimpleData>
		<SimpleData name="name_nn"></SimpleData>
		<SimpleData name="name_no"></SimpleData>
		<SimpleData name="name_os"></SimpleData>
		<SimpleData name="name_pl"></SimpleData>
		<SimpleData name="name_pnb"></SimpleData>
		<SimpleData name="name_pt"></SimpleData>
		<SimpleData name="name_ro"></SimpleData>
		<SimpleData name="name_ru"></SimpleData>
		<SimpleData name="name_rue"></SimpleData>
		<SimpleData name="name_sco"></SimpleData>
		<SimpleData name="name_sh"></SimpleData>
		<SimpleData name="ISO3166_1"></SimpleData>
		<SimpleData name="ISO3166_1_alpha2"></SimpleData>
		<SimpleData name="ISO3166_1_alpha3"></SimpleData>
		<SimpleData name="ISO3166_1_numeric"></SimpleData>
		<SimpleData name="according_to_RU"></SimpleData>
		<SimpleData name="according_to_UA"></SimpleData>
		<SimpleData name="alt_name_eo"></SimpleData>
		<SimpleData name="alt_name_vi"></SimpleData>
		<SimpleData name="default_language"></SimpleData>
		<SimpleData name="flag"></SimpleData>
		<SimpleData name="int_name"></SimpleData>
		<SimpleData name="name_ab"></SimpleData>
		<SimpleData name="name_ace"></SimpleData>
		<SimpleData name="name_af"></SimpleData>
		<SimpleData name="name_als"></SimpleData>
		<SimpleData name="name_am"></SimpleData>
		<SimpleData name="name_an"></SimpleData>
		<SimpleData name="name_ang"></SimpleData>
		<SimpleData name="name_arc"></SimpleData>
		<SimpleData name="name_arz"></SimpleData>
		<SimpleData name="name_ast"></SimpleData>
		<SimpleData name="name_ba"></SimpleData>
		<SimpleData name="name_bar"></SimpleData>
		<SimpleData name="name_bat_smg"></SimpleData>
		<SimpleData name="name_bcl"></SimpleData>
		<SimpleData name="name_bi"></SimpleData>
		<SimpleData name="name_bn"></SimpleData>
		<SimpleData name="name_bo"></SimpleData>
		<SimpleData name="name_bpy"></SimpleData>
		<SimpleData name="name_br"></SimpleData>
		<SimpleData name="name_bs"></SimpleData>
		<SimpleData name="name_bxr"></SimpleData>
		<SimpleData name="name_cbk_zam"></SimpleData>
		<SimpleData name="name_cdo"></SimpleData>
		<SimpleData name="name_ce"></SimpleData>
		<SimpleData name="name_ceb"></SimpleData>
		<SimpleData name="name_chr"></SimpleData>
		<SimpleData name="name_chy"></SimpleData>
		<SimpleData name="name_ckb"></SimpleData>
		<SimpleData name="name_cnr"></SimpleData>
	</SchemaData></ExtendedData>
      <Polygon><outerBoundaryIs><LinearRing><coordinates>36.819339,48.063071,0 36.816777,48.062047,0 36.814123,48.061071,0 36.813571,48.060884,0 36.813002,48.060616,0 36.811399,48.05981,0 36.80997,48.059037,0 36.808717,48.058298,0 36.80764,48.057591,0 36.806737,48.056918,0 36.80601,48.056278,0 36.805458,48.055672,0 36.805081,48.055098,0 36.804435,48.054162,0 36.803933,48.053508,0 36.803735,48.053286,0 36.803447,48.053054,0 36.802961,48.052987,0 36.802379,48.052894,0 36.801646,48.052763,0 36.801209,48.052656,0 36.800831,48.052533,0 36.800514,48.052394,0 36.800104,48.052137,0 36.799691,48.051784,0 36.799412,48.051496,0 36.7987,48.050692,0 36.798459,48.05043,0 36.798287,48.050291,0 36.798078,48.050174,0 36.797831,48.050078,0 36.797401,48.049956,0 36.796958,48.049743,0 36.796662,48.049541,0 36.796213,48.049168,0 36.795907,48.048952,0 36.795594,48.048772,0 36.795274,48.048629,0 36.794797,48.048475,0 36.794493,48.048404,0 36.794201,48.048358,0 36.793781,48.048339,0 36.793501,48.048364,0 36.793075,48.048461,0 36.792788,48.048565,0 36.79201,48.048891,0 36.791316,48.049202,0 36.790945,48.049353,0 36.790355,48.049565,0 36.789729,48.049769,0 36.789299,48.049941,0 36.788637,48.050263,0 36.787761,48.050752,0 36.787382,48.050938,0 36.787045,48.051079,0 36.786619,48.05121,0 36.786265,48.051279,0 36.785904,48.051282,0 36.785778,48.051244,0 36.785646,48.051083,0 36.785626,48.050824,0 36.785552,48.050604,0 36.785468,48.050446,0 36.785243,48.050115,0 36.784837,48.049606,0 36.784688,48.049359,0 36.78461,48.049122,0 36.784567,48.048698,0 36.784551,48.048287,0 36.784522,48.048086,0 36.784462,48.047906,0 36.784313,48.047675,0 36.784112,48.047488,0 36.783821,48.047293,0 36.78358,48.047187,0 36.783165,48.047093,0 36.782915,48.047066,0 36.782513,48.047063,0 36.782257,48.047101,0 36.78189,48.047216,0 36.781441,48.047438,0 36.781142,48.047614,0 36.780155,48.048265,0 36.779782,48.048458,0 36.779345,48.048625,0 36.778857,48.048758,0 36.778558,48.048797,0 36.778288,48.048791,0 36.778046,48.04874,0 36.77771,48.048593,0 36.777229,48.048295,0 36.776716,48.047929,0 36.77632,48.047732,0 36.776051,48.047644,0 36.775633,48.047551,0 36.774709,48.047384,0 36.774376,48.047355,0 36.773858,48.047371,0 36.7735,48.047421,0 36.77315,48.047501,0 36.772866,48.047607,0 36.772647,48.04774,0 36.772493,48.047898,0 36.7724,48.048079,0 36.772352,48.04827,0 36.772351,48.04847,0 36.772464,48.048894,0 36.772493,48.0491,0 36.772464,48.049392,0 36.772395,48.049576,0 36.772288,48.049737,0 36.772143,48.04987,0 36.771855,48.050017,0 36.770466,48.050426,0 36.770285,48.05049,0 36.76996,48.050641,0 36.769684,48.050824,0 36.769459,48.051038,0 36.769256,48.051276,0 36.768994,48.051512,0 36.76849,48.051866,0 36.767675,48.052335,0 36.76711,48.052686,0 36.766763,48.05292,0 36.766293,48.053277,0 36.766021,48.053524,0 36.765781,48.053777,0 36.765479,48.054168,0 36.765303,48.054427,0 36.765074,48.054811,0 36.764944,48.055063,0 36.764795,48.055278,0 36.764512,48.055506,0 36.764284,48.055596,0 36.764027,48.055642,0 36.763743,48.055663,0 36.763433,48.055658,0 36.762919,48.055604,0 36.762574,48.055537,0 36.762243,48.055447,0 36.761927,48.055333,0 36.761495,48.055123,0 36.761292,48.054975,0 36.761164,48.054824,0 36.761115,48.05459,0 36.761164,48.054373,0 36.761275,48.054182,0 36.761469,48.053956,0 36.761523,48.0537,0 36.761465,48.053485,0 36.761308,48.053167,0 36.760656,48.052201,0 36.760478,48.051983,0 36.760354,48.051875,0 36.760161,48.051769,0 36.759801,48.051703,0 36.759428,48.051702,0 36.758976,48.051734,0 36.758462,48.051787,0 36.757886,48.051859,0 36.75754,48.051867,0 36.757392,48.051849,0 36.757147,48.051767,0 36.756971,48.051627,0 36.756727,48.051256,0 36.756353,48.050627,0 36.756132,48.050333,0 36.755893,48.050141,0 36.755546,48.049948,0 36.755113,48.049752,0 36.754815,48.049633,0 36.754374,48.049498,0 36.75401,48.049417,0 36.753678,48.04938,0 36.753234,48.049362,0 36.752679,48.049363,0 36.7508,48.049418,0 36.750491,48.049418,0 36.750424,48.049398,0 36.750322,48.049258,0 36.750286,48.049146,0 36.750289,48.048982,0 36.750335,48.048841,0 36.750431,48.048678,0 36.751169,48.047838,0 36.751789,48.046946,0 36.752291,48.046003,0 36.752674,48.045008,0 36.752939,48.043962,0 36.753324,48.043009,0 36.753831,48.042151,0 36.75446,48.041386,0 36.755209,48.040715,0 36.75608,48.040139,0 36.757072,48.039656,0 36.758186,48.039267,0 36.75942,48.038972,0 36.760575,48.038679,0 36.76165,48.038388,0 36.762644,48.038099,0 36.763559,48.037812,0 36.764394,48.037526,0 36.76515,48.037242,0 36.765825,48.03696,0 36.76642,48.03668,0 36.766839,48.036275,0 36.767081,48.035744,0 36.767147,48.035088,0 36.767037,48.034307,0 36.766751,48.0334,0 36.766288,48.032368,0 36.765648,48.031211,0 36.764833,48.029928,0 36.763744,48.028828,0 36.762383,48.02791,0 36.760748,48.027175,0 36.758841,48.026622,0 36.756662,48.026251,0 36.754209,48.026063,0 36.751484,48.026058,0 36.748485,48.026235,0 36.745718,48.026301,0 36.743183,48.026257,0 36.740879,48.026102,0 36.738807,48.025837,0 36.736966,48.025461,0 36.735357,48.024974,0 36.733979,48.024377,0 36.732832,48.023669,0 36.731928,48.022842,0 36.731267,48.021894,0 36.730848,48.020827,0 36.730672,48.01964,0 36.730738,48.018333,0 36.731047,48.016906,0 36.731598,48.015359,0 36.732391,48.013693,0 36.73316,48.012152,0 36.733904,48.010736,0 36.734624,48.009445,0 36.735318,48.00828,0 36.735988,48.00724,0 36.736633,48.006326,0 36.737253,48.005537,0 36.737848,48.004873,0 36.738333,48.004178,0 36.738708,48.003452,0 36.738972,48.002694,0 36.739127,48.001904,0 36.739171,48.001084,0 36.739104,48.000232,0 36.738928,47.999349,0 36.738642,47.998434,0 36.738443,47.997497,0 36.738333,47.996538,0 36.738311,47.995557,0 36.738377,47.994554,0 36.738531,47.993529,0 36.738774,47.992481,0 36.739104,47.991411,0 36.739523,47.99032,0 36.739862,47.989166,0 36.740121,47.98795,0 36.740301,47.986673,0 36.7404,47.985334,0 36.740419,47.983933,0 36.740358,47.98247,0 36.740218,47.980946,0 36.739997,47.979359,0 36.739785,47.977678,0 36.739581,47.975901,0 36.739386,47.974029,0 36.739198,47.972063,0 36.739019,47.970001,0 36.738848,47.967844,0 36.738686,47.965592,0 36.738531,47.963244,0 36.738066,47.961109,0 36.737288,47.959187,0 36.7362,47.957476,0 36.7348,47.955978,0 36.733089,47.954691,0 36.731066,47.953617,0 36.728732,47.952755,0 36.726086,47.952106,0 36.723496,47.951726,0 36.72096,47.951615,0 36.71848,47.951773,0 36.716055,47.952202,0 36.713685,47.952899,0 36.71137,47.953866,0 36.70911,47.955103,0 36.706906,47.956609,0 36.704514,47.957853,0 36.701934,47.958835,0 36.699168,47.959554,0 36.696213,47.960012,0 36.693072,47.960208,0 36.689743,47.960141,0 36.686226,47.959813,0 36.682523,47.959222,0 36.6791,47.95824,0 36.675958,47.956867,0 36.673098,47.955102,0 36.670518,47.952946,0 36.66822,47.950399,0 36.666203,47.94746,0 36.664467,47.94413,0 36.663012,47.940408,0 36.661402,47.936978,0 36.659638,47.93384,0 36.65772,47.930993,0 36.655648,47.928438,0 36.653421,47.926174,0 36.65104,47.924202,0 36.648505,47.922522,0 36.645815,47.921133,0 36.643374,47.919711,0 36.64118,47.918255,0 36.639235,47.916767,0 36.637537,47.915245,0 36.636087,47.91369,0 36.634886,47.912101,0 36.633932,47.910479,0 36.633227,47.908824,0 36.632031,47.90728,0 36.630344,47.905846,0 36.628167,47.904524,0 36.6255,47.903312,0 36.622341,47.902211,0 36.618693,47.901221,0 36.614554,47.900341,0 36.609924,47.899573,0 36.605636,47.898797,0 36.60169,47.898013,0 36.598085,47.897222,0 36.594822,47.896424,0 36.591901,47.895619,0 36.589322,47.894806,0 36.587084,47.893985,0 36.585188,47.893157,0 36.58354,47.89203,0 36.58214,47.890603,0 36.580988,47.888877,0 36.580084,47.886852,0 36.579428,47.884526,0 36.57902,47.881902,0 36.578861,47.878978,0 36.578949,47.875754,0 36.578585,47.872775,0 36.577769,47.870039,0 36.576502,47.867547,0 36.574782,47.865299,0 36.57261,47.863295,0 36.569987,47.861535,0 36.566911,47.860019,0 36.563384,47.858747,0 36.559763,47.857479,0 36.556048,47.856214,0 36.55224,47.854953,0 36.548337,47.853695,0 36.544341,47.852442,0 36.540252,47.851192,0 36.536069,47.849945,0 36.531792,47.848702,0 36.527834,47.847534,0 36.524197,47.846439,0 36.520879,47.845418,0 36.51788,47.844471,0 36.515202,47.843598,0 36.512843,47.842799,0 36.510803,47.842074,0 36.509084,47.841423,0 36.507601,47.840642,0 36.506356,47.839732,0 36.505347,47.838693,0 36.504575,47.837523,0 36.504041,47.836225,0 36.503743,47.834797,0 36.503683,47.833239,0 36.503859,47.831552,0 36.503782,47.829939,0 36.503451,47.828399,0 36.502867,47.826934,0 36.502029,47.825543,0 36.500938,47.824225,0 36.499593,47.822982,0 36.497995,47.821813,0 36.496143,47.820717,0 36.494026,47.819807,0 36.491645,47.819082,0 36.489,47.818541,0 36.48609,47.818186,0 36.482915,47.818016,0 36.479476,47.818031,0 36.475772,47.81823,0 36.471803,47.818615,0 36.468271,47.81876,0 36.465173,47.818663,0 36.462511,47.818327,0 36.460284,47.817749,0 36.458493,47.816931,0 36.457137,47.815873,0 36.456217,47.814573,0 36.455732,47.813034,0 36.454773,47.811749,0 36.45334,47.81072,0 36.451433,47.809947,0 36.449052,47.809429,0 36.446197,47.809166,0 36.442868,47.809159,0 36.439065,47.809407,0 36.434788,47.80991,0 36.430841,47.810484,0 36.427226,47.811128,0 36.423941,47.811842,0 36.420987,47.812627,0 36.418363,47.813482,0 36.41607,47.814407,0 36.414108,47.815403,0 36.412477,47.816469,0 36.410674,47.817338,0 36.408701,47.818012,0 36.406557,47.818489,0 36.404242,47.818771,0 36.401757,47.818856,0 36.3991,47.818745,0 36.396273,47.818438,0 36.393274,47.817934,0 36.390111,47.817313,0 36.386782,47.816572,0 36.383287,47.815714,0 36.379628,47.814737,0 36.375803,47.813641,0 36.371812,47.812427,0 36.367657,47.811094,0 36.363335,47.809643,0 36.359532,47.808226,0 36.356248,47.806841,0 36.353481,47.80549,0 36.351232,47.804172,0 36.349501,47.802888,0 36.348289,47.801636,0 36.347594,47.800418,0 36.347418,47.799234,0 36.346916,47.798127,0 36.34609,47.797097,0 36.344938,47.796146,0 36.343461,47.795272,0 36.341658,47.794476,0 36.339531,47.793758,0 36.337078,47.793117,0 36.3343,47.792554,0 36.331737,47.791977,0 36.32939,47.791384,0 36.327257,47.790777,0 36.325339,47.790155,0 36.323635,47.789518,0 36.322147,47.788866,0 36.320874,47.7882,0 36.319816,47.787518,0 36.318907,47.786604,0 36.318146,47.785455,0 36.317534,47.784074,0 36.317071,47.782459,0 36.316757,47.780611,0 36.316592,47.778529,0 36.316575,47.776214,0 36.316707,47.773666,0 36.316509,47.771195,0 36.31598,47.768802,0 36.31512,47.766487,0 36.31393,47.764249,0 36.312408,47.762089,0 36.310556,47.760007,0 36.308374,47.758003,0 36.305861,47.756076,0 36.302785,47.754327,0 36.299147,47.752756,0 36.294948,47.751363,0 36.290186,47.750147,0 36.284861,47.74911,0 36.278975,47.74825,0 36.272527,47.747568,0 36.265516,47.747064,0 36.258783,47.74684,0 36.252329,47.746896,0 36.246154,47.747231,0 36.240256,47.747846,0 36.234637,47.748741,0 36.229296,47.749916,0 36.224234,47.75137,0 36.21945,47.753104,0 36.215099,47.754696,0 36.21118,47.756145,0 36.207694,47.757451,0 36.20464,47.758615,0 36.20202,47.759635,0 36.199831,47.760514,0 36.198076,47.761249,0 36.196753,47.761842,0 36.19521,47.762318,0 36.193446,47.762677,0 36.191462,47.76292,0 36.189257,47.763046,0 36.186832,47.763055,0 36.184187,47.762948,0 36.181321,47.762724,0 36.178234,47.762383,0 36.175437,47.761992,0 36.172929,47.761551,0 36.170711,47.76106,0 36.168782,47.760519,0 36.167142,47.759928,0 36.165792,47.759287,0 36.164731,47.758596,0 36.163959,47.757855,0 36.163287,47.757149,0 36.162714,47.756479,0 36.16224,47.755843,0 36.161865,47.755243,0 36.161589,47.754678,0 36.161413,47.754148,0 36.161336,47.753653,0 36.161358,47.753194,0 36.161639,47.75281,0 36.162179,47.752503,0 36.162978,47.752271,0 36.164036,47.752115,0 36.165354,47.752036,0 36.16693,47.752032,0 36.168765,47.752104,0 36.17086,47.752253,0 36.172753,47.752258,0 36.174445,47.752121,0 36.175936,47.751841,0 36.177226,47.751419,0 36.178314,47.750854,0 36.179202,47.750146,0 36.179888,47.749295,0 36.180373,47.748302,0 36.180856,47.747265,0 36.181339,47.746185,0 36.18182,47.745061,0 36.182299,47.743894,0 36.182777,47.742683,0 36.183254,47.741428,0 36.183729,47.74013,0 36.184203,47.738788,0 36.183698,47.737466,0 36.182212,47.736163,0 36.179747,47.734879,0 36.176302,47.733615,0 36.171878,47.732371,0 36.166474,47.731145,0 36.16009,47.72994,0 36.152727,47.728753,0 36.146173,47.727367,0 36.14043,47.72578,0 36.135497,47.723992,0 36.131375,47.722005,0 36.128062,47.719817,0 36.12556,47.717429,0 36.123868,47.714841,0 36.122986,47.712052,0 36.122369,47.709638,0 36.122016,47.707598,0 36.121928,47.705933,0 36.122104,47.704642,0 36.122545,47.703727,0 36.123251,47.703185,0 36.124221,47.703018,0 36.125455,47.703226,0 36.126607,47.7033,0 36.127676,47.703241,0 36.128663,47.703048,0 36.129567,47.702721,0 36.130388,47.702262,0 36.131127,47.701668,0 36.131783,47.700941,0 36.132356,47.70008,0 36.133216,47.699379,0 36.134362,47.698838,0 36.135795,47.698456,0 36.137515,47.698233,0 36.139521,47.69817,0 36.141814,47.698267,0 36.144393,47.698523,0 36.147259,47.698938,0 36.150009,47.698997,0 36.152644,47.6987,0 36.155163,47.698047,0 36.157566,47.697038,0 36.159853,47.695673,0 36.162025,47.693952,0 36.16408,47.691874,0 36.166021,47.68944,0 36.167608,47.687106,0 36.168843,47.684873,0 36.169724,47.682739,0 36.170253,47.680706,0 36.17043,47.678773,0 36.170253,47.67694,0 36.169724,47.675207,0 36.168843,47.673574,0 36.168087,47.671922,0 36.167459,47.670252,0 36.166958,47.668563,0 36.166583,47.666856,0 36.166335,47.66513,0 36.166213,47.663385,0 36.166219,47.661622,0 36.166351,47.65984,0 36.16623,47.658366,0 36.165855,47.657201,0 36.165227,47.656343,0 36.164345,47.655794,0 36.16321,47.655553,0 36.161821,47.65562,0 36.160178,47.655995,0 36.158282,47.656678,0 36.156524,47.657227,0 36.154904,47.657643,0 36.153421,47.657925,0 36.152076,47.658074,0 36.150869,47.658088,0 36.1498,47.65797,0 36.148869,47.657717,0 36.148075,47.657331,0 36.147386,47.656823,0 36.146802,47.656191,0 36.146322,47.655438,0 36.145947,47.654561,0 36.145677,47.653563,0 36.145512,47.652441,0 36.145451,47.651198,0 36.145495,47.649831,0 36.144884,47.648376,0 36.143616,47.646831,0 36.141692,47.645197,0 36.139113,47.643474,0 36.135878,47.641662,0 36.131987,47.639761,0 36.127439,47.63777,0 36.122237,47.63569,0 36.117381,47.633633,0 36.112872,47.631597,0 36.108711,47.629584,0 36.104897,47.627593,0 36.10143,47.625624,0 36.098311,47.623678,0 36.095538,47.621754,0 36.093113,47.619852,0 36.090319,47.617845,0 36.087155,47.615735,0 36.083622,47.613521,0 36.07972,47.611202,0 36.075449,47.608779,0 36.070808,47.606252,0 36.065798,47.603621,0 36.060419,47.600886,0 36.055243,47.598407,0 36.050272,47.596185,0 36.045504,47.594219,0 36.040941,47.592509,0 36.036581,47.591056,0 36.032425,47.589859,0 36.028473,47.588919,0 36.024725,47.588235,0 36.021402,47.587432,0 36.018503,47.58651,0 36.016028,47.585469,0 36.013978,47.584309,0 36.012352,47.58303,0 36.01115,47.581632,0 36.010373,47.580115,0 36.010021,47.578479,0 36.010202,47.576985,0 36.010919,47.575631,0 36.01217,47.574419,0 36.013956,47.573348,0 36.016276,47.572419,0 36.019131,47.571631,0 36.022521,47.570984,0 36.026445,47.570478,0 36.029791,47.569749,0 36.032557,47.568797,0 36.034746,47.567622,0 36.036355,47.566223,0 36.037386,47.564602,0 36.037838,47.562757,0 36.037711,47.560689,0 36.037005,47.558398,0 36.036267,47.555947,0 36.035495,47.553335,0 36.03469,47.550564,0 36.033853,47.547632,0 36.032982,47.54454,0 36.032078,47.541288,0 36.031141,47.537876,0 36.030171,47.534304,0 36.028534,47.531033,0 36.02623,47.528064,0 36.023259,47.525396,0 36.019622,47.523029,0 36.015317,47.520963,0 36.010346,47.519199,0 36.004707,47.517737,0 35.998402,47.516575,0 35.992382,47.515705,0 35.986647,47.515126,0 35.981198,47.514839,0 35.976033,47.514843,0 35.971154,47.515138,0 35.96656,47.515724,0 35.962252,47.516601,0 35.958228,47.51777,0 35.95433,47.518911,0 35.950557,47.520024,0 35.94691,47.521109,0 35.943388,47.522166,0 35.939992,47.523195,0 35.936721,47.524196,0 35.933575,47.52517,0 35.930554,47.526115,0 35.927925,47.527092,0 35.925688,47.528101,0 35.923841,47.529141,0 35.922386,47.530212,0 35.921323,47.531316,0 35.92065,47.532451,0 35.920369,47.533617,0 35.920479,47.534816,0 35.920365,47.535896,0 35.920026,47.536858,0 35.919462,47.537701,0 35.918674,47.538427,0 35.917662,47.539034,0 35.916424,47.539524,0 35.914962,47.539895,0 35.913276,47.540148,0 35.911691,47.540267,0 35.910208,47.540252,0 35.908828,47.540103,0 35.907549,47.53982,0 35.906372,47.539404,0 35.905298,47.538853,0 35.904325,47.538168,0 35.903454,47.53735,0 35.902545,47.536617,0 35.901597,47.535969,0 35.90061,47.535407,0 35.899585,47.534931,0 35.898521,47.53454,0 35.897419,47.534235,0 35.896278,47.534016,0 35.895098,47.533882,0 35.894055,47.533739,0 35.893149,47.533586,0 35.892378,47.533424,0 35.891745,47.533253,0 35.891247,47.533072,0 35.890886,47.532883,0 35.890662,47.532684,0 35.890573,47.532475,0 35.891112,47.532153,0 35.892276,47.531716,0 35.894066,47.531166,0 35.896483,47.530502,0 35.899526,47.529724,0 35.903196,47.528831,0 35.907491,47.527825,0 35.912413,47.526705,0 35.916778,47.525333,0 35.920585,47.523709,0 35.923834,47.521833,0 35.926527,47.519706,0 35.928662,47.517327,0 35.93024,47.514696,0 35.93126,47.511813,0 35.931723,47.508678,0 35.931505,47.505798,0 35.930607,47.503171,0 35.929028,47.500799,0 35.926768,47.49868,0 35.923828,47.496816,0 35.920206,47.495205,0 35.915905,47.493849,0 35.910922,47.492747,0 35.906447,47.491942,0 35.902478,47.491436,0 35.899017,47.491227,0 35.896063,47.491317,0 35.893616,47.491704,0 35.891676,47.492389,0 35.890243,47.493372,0 35.889317,47.494653,0 35.887906,47.495875,0 35.88601,47.497037,0 35.883629,47.498139,0 35.880763,47.499181,0 35.877412,47.500164,0 35.873576,47.501088,0 35.869255,47.501952,0 35.864449,47.502756,0 35.860105,47.503839,0 35.856225,47.505202,0 35.852808,47.506844,0 35.849854,47.508765,0 35.847363,47.510965,0 35.845334,47.513444,0 35.843769,47.516202,0 35.842667,47.519239,0 35.841234,47.521849,0 35.83947,47.52403,0 35.837376,47.525783,0 35.83495,47.527108,0 35.832195,47.528006,0 35.829108,47.528475,0 35.825691,47.528516,0 35.821943,47.528129,0 35.818757,47.527667,0 35.816134,47.527131,0 35.814073,47.526521,0 35.812573,47.525836,0 35.811636,47.525077,0 35.811262,47.524243,0 35.811449,47.523335,0 35.812199,47.522352,0 35.812612,47.520852,0 35.812689,47.518834,0 35.81243,47.516299,0 35.811835,47.513245,0 35.810903,47.509674,0 35.809636,47.505586,0 35.808032,47.50098,0 35.806092,47.495856,0 35.80365,47.491317,0 35.800707,47.487362,0 35.797262,47.483992,0 35.793316,47.481207,0 35.788868,47.479006,0 35.783919,47.47739,0 35.778468,47.476358,0 35.772515,47.475911,0 35.766629,47.47574,0 35.760809,47.475844,0 35.755055,47.476224,0 35.749367,47.476879,0 35.743745,47.477811,0 35.738189,47.479018,0 35.7327,47.4805,0 35.727276,47.482258,0 35.722531,47.484329,0 35.718463,47.486712,0 35.715073,47.489409,0 35.712362,47.492417,0 35.710328,47.495739,0 35.708972,47.499373,0 35.708294,47.503319,0 35.708294,47.507579,0 35.708184,47.511566,0 35.707963,47.515282,0 35.707633,47.518725,0 35.707192,47.521897,0 35.706641,47.524797,0 35.705979,47.527424,0 35.705208,47.52978,0 35.704326,47.531864,0 35.70345,47.533673,0 35.702579,47.535206,0 35.701713,47.536464,0 35.700854,47.537446,0 35.699999,47.538153,0 35.69915,47.538585,0 35.698307,47.538741,0 35.697469,47.538622,0 35.696742,47.53834,0 35.696125,47.537893,0 35.695618,47.537283,0 35.695221,47.536509,0 35.694934,47.535571,0 35.694758,47.534469,0 35.694692,47.533204,0 35.694736,47.531775,0 35.694521,47.530406,0 35.694047,47.529096,0 35.693314,47.527845,0 35.692322,47.526655,0 35.69107,47.525523,0 35.68956,47.524451,0 35.687791,47.523439,0 35.685763,47.522486,0 35.683911,47.521485,0 35.682235,47.520435,0 35.680736,47.519337,0 35.679413,47.518191,0 35.678267,47.516996,0 35.677297,47.515753,0 35.676503,47.514461,0 35.675886,47.513121,0 35.675136,47.511647,0 35.674255,47.510038,0 35.67324,47.508296,0 35.672094,47.506419,0 35.670815,47.504409,0 35.669404,47.502264,0 35.667861,47.499985,0 35.666186,47.497572,0 35.664146,47.495498,0 35.661743,47.493763,0 35.658976,47.492366,0 35.655846,47.491309,0 35.652352,47.49059,0 35.648493,47.490211,0 35.644272,47.49017,0 35.639686,47.490468,0 35.635211,47.491458,0 35.630845,47.493141,0 35.62659,47.495516,0 35.622446,47.498583,0 35.618411,47.502343,0 35.614487,47.506795,0 35.610673,47.51194,0 35.606969,47.517776,0 35.603574,47.523021,0 35.600488,47.527674,0 35.59771,47.531735,0 35.59524,47.535205,0 35.59308,47.538082,0 35.591228,47.540367,0 35.589685,47.54206,0 35.58845,47.543161,0 35.586345,47.543943,0 35.583369,47.544404,0 35.579521,47.544545,0 35.574804,47.544367,0 35.569215,47.543868,0 35.562755,47.54305,0 35.555425,47.541911,0 35.547224,47.540453,0 35.539761,47.539258,0 35.533037,47.538328,0 35.527051,47.537662,0 35.521804,47.53726,0 35.517296,47.537123,0 35.513526,47.537249,0 35.510494,47.53764,0 35.508201,47.538295,0 35.505907,47.539297,0 35.50361,47.540646,0 35.501312,47.542342,0 35.499012,47.544386,0 35.49671,47.546776,0 35.494406,47.549514,0 35.4921,47.552599,0 35.489793,47.556031,0 35.487713,47.559262,0 35.485861,47.562292,0 35.484237,47.565122,0 35.482841,47.56775,0 35.481672,47.570177,0 35.480732,47.572404,0 35.480019,47.574429,0 35.479534,47.576253,0 35.478746,47.577851,0 35.477654,47.579222,0 35.47626,47.580366,0 35.474562,47.581283,0 35.472562,47.581973,0 35.470258,47.582437,0 35.467651,47.582673,0 35.464741,47.582683,0 35.462147,47.582642,0 35.459869,47.582551,0 35.457906,47.582408,0 35.45626,47.582215,0 35.45493,47.581971,0 35.453916,47.581676,0 35.453218,47.58133,0 35.452836,47.580933,0 35.452531,47.580315,0 35.452303,47.579475,0 35.452152,47.578412,0 35.452079,47.577128,0 35.452082,47.575622,0 35.452163,47.573895,0 35.452321,47.571945,0 35.452556,47.569773,0 35.452235,47.567714,0 35.451357,47.565768,0 35.449922,47.563935,0 35.44793,47.562214,0 35.445382,47.560606,0 35.442277,47.559111,0 35.438616,47.557729,0 35.434398,47.556459,0 35.430075,47.55535,0 35.425647,47.5544,0 35.421115,47.55361,0 35.416478,47.55298,0 35.411736,47.55251,0 35.406889,47.5522,0 35.401938,47.55205,0 35.396882,47.55206,0 35.392403,47.552122,0 35.388501,47.552236,0 35.385175,47.552403,0 35.382427,47.552621,0 35.380255,47.552891,0 35.378661,47.553213,0 35.377643,47.553588,0 35.377202,47.554014,0 35.376833,47.554589,0 35.376535,47.555312,0 35.376309,47.556183,0 35.376155,47.557202,0 35.376072,47.558369,0 35.376061,47.559685,0 35.376122,47.561148,0 35.376254,47.56276,0 35.376249,47.564192,0 35.376105,47.565444,0 35.375824,47.566516,0 35.375405,47.567409,0 35.374849,47.568121,0 35.374154,47.568655,0 35.373322,47.569008,0 35.372352,47.569181,0 35.371474,47.569459,0 35.370687,47.569841,0 35.369993,47.570327,0 35.36939,47.570917,0 35.36888,47.571611,0 35.368461,47.572409,0 35.368134,47.573311,0 35.367898,47.574318,0 35.367595,47.575204,0 35.367224,47.57597,0 35.366785,47.576616,0 35.366278,47.577141,0 35.365703,47.577546,0 35.36506,47.577831,0 35.364349,47.577996,0 35.36357,47.578041,0 35.362754,47.577977,0 35.361902,47.577803,0 35.361013,47.57752,0 35.360087,47.577129,0 35.359124,47.576628,0 35.358125,47.576018,0 35.357088,47.575299,0 35.356016,47.574471,0 35.355143,47.573542,0 35.354472,47.572511,0 35.354001,47.571378,0 35.353731,47.570143,0 35.353662,47.568807,0 35.353793,47.567369,0 35.354125,47.565829,0 35.354658,47.564188,0 35.35482,47.562652,0 35.354611,47.561222,0 35.354032,47.559898,0 35.353082,47.558679,0 35.351762,47.557566,0 35.350071,47.556559,0 35.348009,47.555657,0 35.345577,47.554861,0 35.343331,47.554154,0 35.341271,47.553534,0 35.339398,47.553003,0 35.337712,47.552561,0 35.336211,47.552206,0 35.334898,47.55194,0 35.333771,47.551763,0 35.33283,47.551673,0 35.331992,47.551564,0 35.331257,47.551434,0 35.330625,47.551283,0 35.330096,47.551112,0 35.32967,47.55092,0 35.329347,47.550708,0 35.329126,47.550476,0 35.329009,47.550223,0 35.328884,47.549796,0 35.328752,47.549196,0 35.328612,47.548422,0 35.328465,47.547475,0 35.328311,47.546353,0 35.328149,47.545059,0 35.32798,47.54359,0 35.327804,47.541948,0 35.327282,47.540292,0 35.326415,47.538621,0 35.325202,47.536936,0 35.323644,47.535237,0 35.321741,47.533524,0 35.319492,47.531796,0 35.316898,47.530053,0 35.313958,47.528297,0 35.310931,47.526541,0 35.307815,47.524787,0 35.304611,47.523034,0 35.301319,47.521282,0 35.297938,47.519532,0 35.294469,47.517782,0 35.290913,47.516034,0 35.287268,47.514287,0 35.283461,47.512063,0 35.279493,47.509362,0 35.275363,47.506184,0 35.271071,47.50253,0 35.266618,47.498399,0 35.262003,47.49379,0 35.257226,47.488705,0 35.252287,47.483143,0 35.246394,47.478316,0 35.239545,47.474224,0 35.23174,47.470867,0 35.22298,47.468245,0 35.213265,47.466358,0 35.202595,47.465206,0 35.190969,47.464789,0 35.178388,47.465107,0 35.165704,47.465345,0 35.152917,47.465504,0 35.140027,47.465584,0 35.127035,47.465584,0 35.113939,47.465504,0 35.100741,47.465345,0 35.087439,47.465107,0 35.074035,47.464789,0 35.061366,47.463596,0 35.049432,47.461528,0 35.038232,47.458585,0 35.027767,47.454768,0 35.018038,47.450075,0 35.009043,47.444508,0 35.000783,47.438066,0 34.993257,47.430748,0 34.985556,47.424445,0 34.977678,47.419156,0 34.969624,47.414881,0 34.961393,47.41162,0 34.952986,47.409374,0 34.944403,47.408141,0 34.935643,47.407923,0 34.926707,47.408719,0 34.919094,47.410091,0 34.912803,47.41204,0 34.907835,47.414566,0 34.90419,47.417668,0 34.901868,47.421346,0 34.900869,47.425602,0 34.901192,47.430434,0 34.902838,47.435842,0 34.902867,47.441052,0 34.90128,47.446062,0 34.898076,47.450873,0 34.893255,47.455485,0 34.886818,47.459897,0 34.878763,47.464111,0 34.869092,47.468125,0 34.857805,47.47194,0 34.846194,47.475676,0 34.834259,47.479331,0 34.822001,47.482907,0 34.80942,47.486404,0 34.796516,47.48982,0 34.783288,47.493157,0 34.769737,47.496415,0 34.755862,47.499592,0 34.743017,47.503008,0 34.7312,47.506661,0 34.720412,47.510552,0 34.710653,47.514682,0 34.701922,47.519049,0 34.694221,47.523654,0 34.687548,47.528497,0 34.681904,47.533578,0 34.675966,47.537964,0 34.669735,47.541656,0 34.663209,47.544653,0 34.656389,47.546955,0 34.649276,47.548563,0 34.641868,47.549476,0 34.634166,47.549694,0 34.626171,47.549218,0 34.618058,47.548742,0 34.609827,47.548266,0 34.601479,47.54779,0 34.593013,47.547313,0 34.58443,47.546837,0 34.575729,47.546361,0 34.56691,47.545885,0 34.557974,47.545409,0 34.549303,47.544496,0 34.540896,47.543146,0 34.532753,47.54136,0 34.524875,47.539137,0 34.517262,47.536477,0 34.509913,47.533381,0 34.502829,47.529848,0 34.496009,47.525878,0 34.488367,47.522524,0 34.479901,47.519785,0 34.470612,47.517661,0 34.4605,47.516153,0 34.449565,47.51526,0 34.437807,47.514982,0 34.425226,47.51532,0 34.411822,47.516273,0 34.399505,47.516213,0 34.388276,47.51514,0 34.378135,47.513054,0 34.369081,47.509955,0 34.361115,47.505843,0 34.354237,47.500719,0 34.348446,47.494581,0 34.343743,47.487431,0 34.338157,47.480876,0 34.331691,47.474917,0 34.324342,47.469553,0 34.316111,47.464785,0 34.306999,47.460613,0 34.297004,47.457037,0 34.286128,47.454056,0 34.27437,47.451671,0 34.261613,47.449385,0 34.247856,47.447198,0 34.233099,47.445111,0 34.217343,47.443123,0 34.200588,47.441234,0 34.182834,47.439445,0 34.164079,47.437755,0 34.144326,47.436164,0 34.126042,47.434534,0 34.109228,47.432864,0 34.093884,47.431154,0 34.080009,47.429404,0 34.067605,47.427614,0 34.05667,47.425784,0 34.047204,47.423915,0 34.039209,47.422005,0 34.03189,47.41922,0 34.025246,47.415559,0 34.019279,47.411022,0 34.013988,47.405608,0 34.009373,47.399319,0 34.005434,47.392154,0 34.002171,47.384113,0 33.999584,47.375195,0 33.996615,47.365598,0 33.993264,47.355321,0 33.989531,47.344364,0 33.985416,47.332727,0 33.980918,47.320411,0 33.976039,47.307414,0 33.970777,47.293737,0 33.965133,47.279381,0 33.958269,47.26516,0 33.950186,47.251076,0 33.940882,47.237128,0 33.930359,47.223316,0 33.918615,47.20964,0 33.905652,47.1961,0 33.891469,47.182696,0 33.876066,47.169429,0 33.861706,47.156869,0 33.84839,47.145017,0 33.836118,47.133873,0 33.824889,47.123437,0 33.814704,47.113709,0 33.805562,47.104688,0 33.797463,47.096375,0 33.790408,47.088771,0 33.783177,47.081405,0 33.77577,47.074279,0 33.768186,47.067393,0 33.760425,47.060746,0 33.752489,47.054338,0 33.744376,47.04817,0 33.736086,47.042241,0 33.72762,47.036552,0 33.719816,47.030742,0 33.712673,47.024811,0 33.706191,47.018758,0 33.700371,47.012585,0 33.695212,47.006291,0 33.690715,46.999876,0 33.686879,46.99334,0 33.683704,46.986683,0 33.680382,46.980246,0 33.676914,46.974029,0 33.673298,46.968032,0 33.669536,46.962255,0 33.665626,46.956699,0 33.66157,46.951362,0 33.657366,46.946245,0 33.653016,46.941348,0 33.648974,46.936401,0 33.645241,46.931403,0 33.641816,46.926354,0 33.6387,46.921255,0 33.635893,46.916105,0 33.633394,46.910904,0 33.631204,46.905652,0 33.629323,46.90035,0 33.627339,46.895269,0 33.625252,46.890408,0 33.623062,46.885768,0 33.620769,46.881348,0 33.618373,46.877149,0 33.615875,46.873171,0 33.613273,46.869413,0 33.610569,46.865876,0 33.607615,46.862409,0 33.604411,46.859012,0 33.600957,46.855686,0 33.597253,46.852429,0 33.593299,46.849243,0 33.589096,46.846127,0 33.584642,46.843081,0 33.579939,46.840105,0 33.574619,46.837461,0 33.568681,46.835149,0 33.562126,46.833168,0 33.554953,46.831519,0 33.547164,46.830202,0 33.538757,46.829217,0 33.529732,46.828564,0 33.520091,46.828242,0 33.510949,46.827679,0 33.502307,46.826874,0 33.494164,46.825828,0 33.486522,46.824541,0 33.479379,46.823012,0 33.472735,46.821242,0 33.466592,46.81923,0 33.460948,46.816977,0 33.455183,46.814611,0 33.449296,46.812131,0 33.443289,46.809539,0 33.43716,46.806832,0 33.43091,46.804013,0 33.424538,46.80108,0 33.418046,46.798034,0 33.411432,46.794875,0 33.405104,46.791869,0 33.399064,46.789016,0 33.39331,46.786316,0 33.387842,46.78377,0 33.382661,46.781378,0 33.377767,46.779138,0 33.373159,46.777053,0 33.368838,46.77512,0 33.364785,46.77327,0 33.361001,46.771504,0 33.357484,46.76982,0 33.354236,46.76822,0 33.351256,46.766702,0 33.348544,46.765267,0 33.346101,46.763916,0 33.343926,46.762647,0 33.341387,46.761429,0 33.338484,46.760261,0 33.335217,46.759143,0 33.331587,46.758076,0 33.327593,46.757059,0 33.323235,46.756093,0 33.318514,46.755176,0 33.313428,46.75431,0 33.308398,46.753585,0 33.303423,46.753001,0 33.298503,46.752558,0 33.293638,46.752256,0 33.288828,46.752095,0 33.284074,46.752075,0 33.279374,46.752196,0 33.27473,46.752457,0 33.270408,46.752855,0 33.266411,46.753389,0 33.262736,46.754059,0 33.259385,46.754864,0 33.256358,46.755805,0 33.253653,46.756883,0 33.251272,46.758096,0 33.249215,46.759445,0 33.246867,46.760679,0 33.244228,46.761796,0 33.2413,46.762798,0 33.238081,46.763684,0 33.234572,46.764455,0 33.230773,46.765109,0 33.226683,46.765648,0 33.222303,46.76607,0 33.21778,46.766667,0 33.213114,46.767437,0 33.208304,46.768381,0 33.203351,46.769498,0 33.198254,46.770789,0 33.193015,46.772254,0 33.187632,46.773892,0 33.182105,46.775704,0 33.176833,46.777289,0 33.171814,46.778648,0 33.167048,46.77978,0 33.162536,46.780686,0 33.158277,46.781366,0 33.154272,46.781819,0 33.15052,46.782045,0 33.147022,46.782045,0 33.143455,46.781841,0 33.139817,46.781434,0 33.136109,46.780822,0 33.132332,46.780007,0 33.128485,46.778988,0 33.124568,46.777765,0 33.120581,46.776338,0 33.116525,46.774707,0 33.112263,46.772931,0 33.107795,46.771008,0 33.103121,46.768939,0 33.098241,46.766724,0 33.093156,46.764363,0 33.087865,46.761856,0 33.082368,46.759203,0 33.076665,46.756404,0 33.070749,46.753854,0 33.06462,46.751553,0 33.058278,46.749501,0 33.051723,46.747699,0 33.044955,46.746145,0 33.037974,46.744841,0 33.030779,46.743786,0 33.023372,46.742981,0 33.015729,46.74214,0 33.007851,46.741263,0 32.999738,46.740352,0 32.99139,46.739405,0 32.982806,46.738423,0 32.973988,46.737406,0 32.964934,46.736353,0 32.955645,46.735265,0 32.947084,46.734125,0 32.93925,46.732934,0 32.932144,46.731691,0 32.925765,46.730397,0 32.920114,46.729051,0 32.91519,46.727653,0 32.910994,46.726203,0 32.907526,46.724702,0 32.90352,46.722663,0 32.898979,46.720085,0 32.893901,46.716969,0 32.888286,46.713316,0 32.882135,46.709124,0 32.875448,46.704394,0 32.868224,46.699125,0 32.860464,46.693319,0 32.852917,46.687931,0 32.845583,46.682961,0 32.838462,46.678409,0 32.831554,46.674275,0 32.824859,46.670559,0 32.818377,46.667262,0 32.812109,46.664382,0 32.806053,46.661921,0 32.800307,46.65945,0 32.794869,46.656968,0 32.789739,46.654477,0 32.784918,46.651975,0 32.780406,46.649462,0 32.776203,46.64694,0 32.772308,46.644407,0 32.768722,46.641865,0 32.764952,46.639604,0 32.760998,46.637627,0 32.756861,46.635931,0 32.75254,46.634519,0 32.748035,46.633389,0 32.743346,46.632541,0 32.738474,46.631976,0 32.733418,46.631693,0 32.728303,46.631244,0 32.72313,46.630628,0 32.717897,46.629846,0 32.712606,46.628897,0 32.707256,46.627782,0 32.701848,46.6265,0 32.69638,46.625051,0 32.690854,46.623436,0 32.685827,46.621872,0 32.681301,46.620358,0 32.677273,46.618894,0 32.673746,46.617481,0 32.670718,46.616118,0 32.66819,46.614805,0 32.666162,46.613543,0 32.664633,46.612332,0 32.662708,46.610939,0 32.660386,46.609363,0 32.657667,46.607606,0 32.654551,46.605667,0 32.651038,46.603547,0 32.647129,46.601244,0 32.642822,46.59876,0 32.638119,46.596094,0 32.63335,46.593519,0 32.628514,46.591034,0 32.623613,46.58864,0 32.618645,46.586337,0 32.613611,46.584125,0 32.608511,46.582004,0 32.603345,46.579974,0 32.598112,46.578034,0 32.593178,46.576142,0 32.588541,46.574298,0 32.584201,46.572503,0 32.580159,46.570755,0 32.576415,46.569055,0 32.572968,46.567403,0 32.569819,46.565798,0 32.566968,46.564242,0 32.564182,46.562572,0 32.561461,46.560789,0 32.558805,46.558891,0 32.556215,46.55688,0 32.55369,46.554755,0 32.55123,46.552516,0 32.548835,46.550163,0 32.546505,46.547697,0 32.544388,46.545511,0 32.542483,46.543604,0 32.54079,46.541977,0 32.539309,46.54063,0 32.538041,46.539563,0 32.536984,46.538776,0 32.53614,46.538269,0 32.535508,46.538041,0 32.534832,46.537871,0 32.534112,46.537759,0 32.533347,46.537704,0 32.532539,46.537706,0 32.531687,46.537766,0 32.53079,46.537884,0 32.529849,46.538059,0 32.52786,46.538525,0 32.525789,46.538997,0 32.523638,46.539473,0 32.520259,46.540197,0 32.518192,46.540603,0 32.517272,46.540766,0 32.516427,46.540902,0 32.514963,46.541096,0 32.5138,46.541183,0 32.51326,46.541188,0 32.512723,46.541168,0 32.51219,46.541122,0 32.511661,46.541051,0 32.511136,46.540955,0 32.510614,46.540834,0 32.510096,46.540687,0 32.50908,46.54033,0 32.508115,46.539917,0 32.507202,46.539448,0 32.506341,46.538923,0 32.505508,46.538343,0 32.504639,46.537708,0 32.503267,46.53665,0 32.502306,46.535875,0 32.501276,46.535083,0 32.500164,46.534285,0 32.498972,46.533483,0 32.497699,46.532675,0 32.495948,46.531601,0 32.493587,46.530172,0 32.492178,46.529325,0 32.488902,46.527366,0 32.487035,46.526254,0 32.485274,46.525146,0 32.483619,46.524042,0 32.482069,46.522943,0 32.480625,46.521849,0 32.479287,46.520758,0 32.478054,46.519672,0 32.476927,46.518591,0 32.475906,46.517514,0 32.474843,46.516464,0 32.473739,46.515443,0 32.472593,46.514449,0 32.471406,46.513483,0 32.470178,46.512545,0 32.468909,46.511635,0 32.467598,46.510752,0 32.466246,46.509898,0 32.464905,46.509103,0 32.463577,46.508368,0 32.462261,46.507694,0 32.460956,46.507079,0 32.459664,46.506525,0 32.458383,46.50603,0 32.457115,46.505596,0 32.455858,46.505222,0 32.454615,46.504893,0 32.453386,46.50461,0 32.452171,46.504372,0 32.450969,46.50418,0 32.449782,46.504033,0 32.448608,46.503932,0 32.447448,46.503876,0 32.446301,46.503866,0 32.445027,46.503869,0 32.443625,46.503886,0 32.442096,46.503915,0 32.440439,46.503958,0 32.438654,46.504015,0 32.436741,46.504084,0 32.434701,46.504167,0 32.432533,46.504263,0 32.428432,46.504457,0 32.426498,46.504555,0 32.422865,46.504753,0 32.421166,46.504853,0 32.418001,46.505055,0 32.416478,46.505118,0 32.414975,46.505143,0 32.413492,46.505131,0 32.41203,46.50508,0 32.410588,46.504991,0 32.409166,46.504865,0 32.407764,46.504701,0 32.406383,46.504498,0 32.405067,46.504285,0 32.403818,46.50406,0 32.402635,46.503823,0 32.401518,46.503575,0 32.400467,46.503316,0 32.399482,46.503045,0 32.398563,46.502763,0 32.393722,46.501094,0 32.388808,46.499394,0 32.387365,46.498959,0 32.385794,46.498545,0 32.384095,46.49815,0 32.382269,46.497776,0 32.380315,46.497421,0 32.378234,46.497088,0 32.376025,46.496774,0 32.373688,46.496481,0 32.371525,46.496185,0 32.369538,46.495888,0 32.367724,46.495589,0 32.366085,46.495288,0 32.364621,46.494985,0 32.363331,46.49468,0 32.362216,46.494373,0 32.361276,46.494065,0 32.357958,46.492991,0 32.353896,46.491695,0 32.350774,46.490708,0 32.349195,46.490215,0 32.346106,46.48927,0 32.343109,46.488377,0 32.340203,46.487538,0 32.338785,46.487138,0 32.337425,46.48678,0 32.336124,46.486462,0 32.334883,46.486186,0 32.333699,46.485951,0 32.332575,46.485757,0 32.331509,46.485603,0 32.330503,46.485492,0 32.329555,46.485421,0 32.328547,46.485362,0 32.32748,46.485317,0 32.326352,46.485284,0 32.325166,46.485264,0 32.323919,46.485256,0 32.322613,46.485261,0 32.321247,46.485279,0 32.319821,46.485309,0 32.317099,46.485379,0 32.31455,46.485459,0 32.312174,46.485551,0 32.30997,46.485655,0 32.308806,46.485735,0 32.307558,46.485842,0 32.306227,46.485976,0 32.304812,46.486137,0 32.303313,46.486325,0 32.301731,46.48654,0 32.300064,46.486781,0 32.298315,46.48705,0 32.296697,46.48729,0 32.295212,46.4875,0 32.293859,46.487682,0 32.292639,46.487834,0 32.291551,46.487957,0 32.290595,46.48805,0 32.289772,46.488115,0 32.289081,46.48815,0 32.288456,46.488158,0 32.287895,46.488138,0 32.2874,46.48809,0 32.28697,46.488014,0 32.286606,46.48791,0 32.286306,46.487779,0 32.286072,46.487619,0 32.285903,46.487432,0 32.285791,46.487233,0 32.285736,46.487021,0 32.285738,46.486798,0 32.285796,46.486563,0 32.285912,46.486316,0 32.286085,46.486056,0 32.286314,46.485785,0 32.286601,46.485502,0 32.286791,46.485222,0 32.286885,46.484946,0 32.286882,46.484674,0 32.286783,46.484406,0 32.286587,46.484142,0 32.286295,46.483881,0 32.285907,46.483624,0 32.285422,46.483371,0 32.284873,46.483149,0 32.284261,46.482958,0 32.283586,46.482798,0 32.282848,46.482669,0 32.282046,46.482571,0 32.28118,46.482504,0 32.280252,46.482468,0 32.27926,46.482463,0 32.278196,46.482442,0 32.27706,46.482404,0 32.275853,46.482349,0 32.274575,46.482278,0 32.273224,46.482191,0 32.271802,46.482087,0 32.270309,46.481967,0 32.268743,46.481831,0 32.267042,46.481775,0 32.265203,46.481799,0 32.263228,46.481905,0 32.261116,46.48209,0 32.258867,46.482357,0 32.256482,46.482704,0 32.25396,46.483132,0 32.251302,46.483641,0 32.248491,46.484238,0 32.245527,46.484923,0 32.24241,46.485696,0 32.239141,46.486557,0 32.235719,46.487507,0 32.232144,46.488545,0 32.228417,46.489671,0 32.224537,46.490885,0 32.220701,46.492443,0 32.216909,46.494345,0 32.213161,46.496591,0 32.209457,46.499181,0 32.205797,46.502114,0 32.202182,46.505392,0 32.19861,46.509013,0 32.195083,46.512978,0 32.190968,46.516508,0 32.186264,46.519603,0 32.180973,46.522263,0 32.175094,46.524489,0 32.168627,46.526279,0 32.161572,46.527634,0 32.15393,46.528555,0 32.145699,46.52904,0 32.137174,46.529535,0 32.128356,46.530041,0 32.119243,46.530557,0 32.109837,46.531082,0 32.100137,46.531618,0 32.090142,46.532164,0 32.079854,46.53272,0 32.069272,46.533287,0 32.059086,46.533802,0 32.049298,46.534267,0 32.039906,46.534682,0 32.030911,46.535046,0 32.022313,46.535359,0 32.014112,46.535622,0 32.006307,46.535835,0 31.9989,46.535996,0 31.991698,46.536381,0 31.984702,46.536987,0 31.977912,46.537816,0 31.971327,46.538867,0 31.964948,46.540141,0 31.958775,46.541637,0 31.952808,46.543356,0 31.947047,46.545297,0 31.938493,46.547288,0 31.927146,46.54933,0 31.913007,46.551422,0 31.896076,46.553565,0 31.876351,46.555758,0 31.853835,46.558002,0 31.828526,46.560296,0 31.800424,46.56264,0 31.774402,46.56456,0 31.750459,46.566056,0 31.728597,46.567127,0 31.708814,46.567774,0 31.691111,46.567996,0 31.675487,46.567794,0 31.661943,46.567168,0 31.650479,46.566117,0 31.639375,46.565253,0 31.628631,46.564576,0 31.618247,46.564086,0 31.608224,46.563783,0 31.59856,46.563667,0 31.589256,46.563737,0 31.580313,46.563995,0 31.57173,46.56444,0 31.563852,46.565238,0 31.556679,46.56639,0 31.550212,46.567895,0 31.544451,46.569754,0 31.539395,46.571966,0 31.535045,46.574532,0 31.5314,46.577452,0 31.52846,46.580725,0 31.525256,46.583205,0 31.521787,46.584892,0 31.518054,46.585787,0 31.514056,46.585888,0 31.509794,46.585196,0 31.505267,46.583711,0 31.500476,46.581433,0 31.49542,46.578361,0 31.490271,46.575368,0 31.48503,46.572451,0 31.479696,46.569612,0 31.474269,46.56685,0 31.46875,46.564166,0 31.463138,46.561558,0 31.457434,46.559028,0 31.451636,46.556576,0 31.444866,46.553216,0 31.437123,46.548948,0 31.428407,46.543774,0 31.418718,46.537692,0 31.408056,46.530703,0 31.396422,46.522807,0 31.383814,46.514003,0 31.370233,46.504292,0 31.350855,46.481325,0 31.325678,46.445102,0 31.294703,46.395623,0 31.257929,46.332888,0 31.215358,46.256896,0 31.166988,46.167649,0 31.11282,46.065145,0 31.052854,45.949385,0 31.007791,45.813855,0 30.977632,45.658553,0 30.962376,45.483481,0 30.962023,45.288638,0 30.976574,45.074024,0 31.006028,44.83964,0 31.050385,44.585485,0 31.109645,44.311559,0 31.207002,44.065439,0 31.342455,43.847127,0 31.516004,43.656621,0 31.727649,43.493922,0 31.97739,43.35903,0 32.265227,43.251944,0 32.59116,43.172666,0 32.95519,43.121194,0 33.35026,43.098611,0 33.776372,43.104918,0 34.233525,43.140113,0 34.72172,43.204199,0 35.240956,43.297173,0 35.791233,43.419037,0 36.372551,43.569789,0 36.98491,43.749432,0 37.552824,43.926565,0 38.076293,44.101191,0 38.555316,44.273309,0 38.989894,44.442918,0 39.380026,44.61002,0 39.725713,44.774613,0 40.026954,44.936698,0 40.28375,45.096275,0 40.519734,45.274936,0 40.734907,45.472683,0 40.929267,45.689515,0 41.102816,45.925432,0 41.255553,46.180434,0 41.387479,46.454521,0 41.498592,46.747694,0 41.588894,47.059951,0 41.667203,47.360692,0 41.733518,47.649918,0 41.787841,47.927629,0 41.83017,48.193823,0 41.860505,48.448502,0 41.878848,48.691665,0 41.885197,48.923313,0 41.879553,49.143445,0 41.819499,49.346996,0 41.705034,49.533967,0 41.536159,49.704358,0 41.312874,49.858168,0 41.035178,49.995398,0 40.703072,50.116047,0 40.316555,50.220116,0 39.875628,50.307604,0 39.467506,50.384213,0 39.092189,50.449941,0 38.749677,50.504789,0 38.43997,50.548757,0 38.163067,50.581845,0 37.91897,50.604053,0 37.707678,50.615381,0 37.529191,50.615828,0 37.364725,50.612518,0 37.214281,50.605449,0 37.077858,50.594622,0 36.955456,50.580037,0 36.847077,50.561694,0 36.752718,50.539593,0 36.672381,50.513733,0 36.606066,50.484116,0 36.547811,50.456742,0 36.497617,50.431612,0 36.455484,50.408727,0 36.421411,50.388085,0 36.395399,50.369687,0 36.377448,50.353533,0 36.367557,50.339623,0 36.365727,50.327957,0 36.364157,50.317659,0 36.362845,50.30873,0 36.361792,50.301169,0 36.360999,50.294977,0 36.360464,50.290153,0 36.360188,50.286698,0 36.360172,50.284611,0 36.360414,50.283892,0 36.36075,50.283251,0 36.36118,50.282688,0 36.361704,50.282202,0 36.362321,50.281793,0 36.363032,50.281462,0 36.363837,50.281209,0 36.364735,50.281033,0 36.365727,50.280934,0 36.366521,50.280747,0 36.367116,50.280473,0 36.367513,50.28011,0 36.367712,50.279659,0 36.367712,50.27912,0 36.367513,50.278493,0 36.367116,50.277778,0 36.366521,50.276975,0 36.366031,50.276184,0 36.365645,50.275406,0 36.365364,50.27464,0 36.365187,50.273886,0 36.365116,50.273144,0 36.365149,50.272415,0 36.365287,50.271698,0 36.365529,50.270994,0 36.365942,50.270365,0 36.366527,50.269812,0 36.367282,50.269335,0 36.368208,50.268933,0 36.369304,50.268607,0 36.370572,50.268357,0 36.372011,50.268183,0 36.376773,50.267887,0 36.381336,50.267591,0 36.385701,50.267295,0 36.386991,50.267009,0 36.388138,50.266537,0 36.389141,50.265878,0 36.39,50.265033,0 36.390717,50.264,0 36.39129,50.262781,0 36.39172,50.261375,0 36.392007,50.259783,0 36.392346,50.258377,0 36.392737,50.257158,0 36.393181,50.256125,0 36.393677,50.25528,0 36.394225,50.254621,0 36.394826,50.254148,0 36.395479,50.253863,0 36.396184,50.253764,0 36.396915,50.253706,0 36.39767,50.253689,0 36.39845,50.253711,0 36.399254,50.253775,0 36.400084,50.253879,0 36.400938,50.254023,0 36.401817,50.254208,0 36.402721,50.254434,0 36.4036,50.254696,0 36.404455,50.254996,0 36.405284,50.255332,0 36.406089,50.255706,0 36.406869,50.256117,0 36.407624,50.256564,0 36.408354,50.257049,0 36.40906,50.25757,0 36.40979,50.258011,0 36.410545,50.25837,0 36.411325,50.258648,0 36.41213,50.258846,0 36.412959,50.258962,0 36.413813,50.258997,0 36.414692,50.258951,0 36.415596,50.258825,0 36.416495,50.258751,0 36.417388,50.258729,0 36.418275,50.258761,0 36.419157,50.258846,0 36.420033,50.258983,0 36.420904,50.259173,0 36.421769,50.259417,0 36.422629,50.259713,0 36.423467,50.259972,0 36.424283,50.260194,0 36.425076,50.260379,0 36.425848,50.260527,0 36.426597,50.260637,0 36.427325,50.260711,0 36.42803,50.260748,0 36.428714,50.260748,0 36.429411,50.260685,0 36.430122,50.260558,0 36.430847,50.260368,0 36.431585,50.260114,0 36.432338,50.259797,0 36.433104,50.259417,0 36.433884,50.258973,0 36.434677,50.258465,0 36.43565,50.257935,0 36.436802,50.257382,0 36.438133,50.256805,0 36.439643,50.256206,0 36.441333,50.255584,0 36.443201,50.25494,0 36.445249,50.254272,0 36.447475,50.253581,0 36.449341,50.252897,0 36.450846,50.252221,0 36.451989,50.251551,0 36.452772,50.250889,0 36.453194,50.250233,0 36.453254,50.249585,0 36.452954,50.248943,0 36.452292,50.248309,0 36.45181,50.247683,0 36.451507,50.247066,0 36.451383,50.246458,0 36.451438,50.245859,0 36.451672,50.245269,0 36.452086,50.244687,0 36.452678,50.244114,0 36.45345,50.243551,0 36.454117,50.242976,0 36.454679,50.242391,0 36.455136,50.241795,0 36.455489,50.241189,0 36.455737,50.240572,0 36.455881,50.239944,0 36.455919,50.239306,0 36.455853,50.238658,0 36.455666,50.238,0 36.455357,50.237334,0 36.454927,50.236659,0 36.454376,50.235975,0 36.453703,50.235282,0 36.45291,50.234581,0 36.451995,50.23387,0 36.450959,50.233151,0 36.450102,50.232473,0 36.449424,50.231834,0 36.448925,50.231237,0 36.448605,50.23068,0 36.448465,50.230163,0 36.448503,50.229687,0 36.448721,50.229252,0 36.449118,50.228857,0 36.449371,50.228487,0 36.449482,50.228141,0 36.449448,50.22782,0 36.449272,50.227524,0 36.448952,50.227253,0 36.448489,50.227006,0 36.447883,50.226784,0 36.447134,50.226586,0 36.446425,50.226449,0 36.445758,50.226371,0 36.445133,50.226353,0 36.444549,50.226396,0 36.444006,50.226498,0 36.443504,50.22666,0 36.443044,50.226882,0 36.442625,50.227164,0 36.442206,50.227376,0 36.441787,50.227517,0 36.441368,50.227588,0 36.44095,50.227588,0 36.440531,50.227517,0 36.440112,50.227376,0 36.439693,50.227164,0 36.439274,50.226882,0 36.439021,50.226549,0 36.438932,50.226165,0 36.43901,50.225729,0 36.439252,50.225243,0 36.43966,50.224705,0 36.440233,50.224116,0 36.440972,50.223476,0 36.441876,50.222785,0 36.442719,50.222161,0 36.443501,50.221604,0 36.444223,50.221113,0 36.444885,50.22069,0 36.445486,50.220334,0 36.446026,50.220045,0 36.446505,50.219823,0 36.446924,50.219668,0 36.44747,50.219676,0 36.448142,50.219849,0 36.448941,50.220186,0 36.449867,50.220687,0 36.45092,50.221351,0 36.4521,50.22218,0 36.453406,50.223173,0 36.454839,50.224329,0 36.456261,50.225306,0 36.457672,50.226103,0 36.459072,50.22672,0 36.460461,50.227157,0 36.461839,50.227415,0 36.463205,50.227492,0 36.464561,50.22739,0 36.465906,50.227108,0 36.467397,50.226768,0 36.469034,50.226369,0 36.470817,50.225913,0 36.472746,50.225398,0 36.474821,50.224825,0 36.477042,50.224194,0 36.479409,50.223504,0 36.481923,50.222757,0 36.486395,50.221415,0 36.49013,50.220278,0 36.493125,50.219345,0 36.495382,50.218617,0 36.496509,50.21847,0 36.497727,50.218516,0 36.499036,50.218754,0 36.500436,50.219184,0 36.501927,50.219807,0 36.503509,50.220621,0 36.505182,50.221628,0 36.506945,50.222827,0 36.508795,50.223913,0 36.510729,50.224886,0 36.512749,50.225747,0 36.514855,50.226494,0 36.517045,50.227129,0 36.519322,50.227651,0 36.521683,50.22806,0 36.524131,50.228356,0 36.526517,50.22873,0 36.528843,50.229181,0 36.531108,50.22971,0 36.533313,50.230317,0 36.535457,50.231001,0 36.53754,50.231762,0 36.539563,50.232601,0 36.541525,50.233518,0 36.5433,50.234475,0 36.544887,50.235473,0 36.546287,50.236511,0 36.5475,50.23759,0 36.548525,50.238709,0 36.549363,50.239869,0 36.550013,50.241069,0 36.550476,50.24231,0 36.550986,50.243381,0 36.551542,50.244284,0 36.552146,50.245017,0 36.552796,50.245581,0 36.553493,50.245976,0 36.554238,50.246201,0 36.555028,50.246258,0 36.555866,50.246145,0 36.556687,50.245909,0 36.557492,50.245549,0 36.55828,50.245066,0 36.559052,50.24446,0 36.559807,50.24373,0 36.560546,50.242877,0 36.561268,50.241901,0 36.561973,50.240801,0 36.56288,50.239699,0 36.563988,50.238596,0 36.565297,50.237491,0 36.566807,50.236384,0 36.568518,50.235275,0 36.570431,50.234165,0 36.572544,50.233052,0 36.576965,50.230923,0 36.582024,50.228469,0 36.58435,50.227327,0 36.585838,50.226579,0 36.586541,50.226359,0 36.587307,50.226242,0 36.588137,50.22623,0 36.589029,50.226322,0 36.589986,50.226517,0 36.591005,50.226817,0 36.592088,50.227221,0 36.593235,50.227729,0 36.594491,50.228079,0 36.595858,50.228273,0 36.597335,50.22831,0 36.598923,50.22819,0 36.60062,50.227914,0 36.602428,50.22748,0 36.604346,50.226889,0 36.606374,50.226142,0 36.608166,50.225551,0 36.60972,50.225118,0 36.611037,50.224841,0 36.612117,50.224721,0 36.612961,50.224758,0 36.613567,50.224952,0 36.613936,50.225303,0 36.614069,50.22581,0 36.614565,50.22617,0 36.615424,50.226382,0 36.616648,50.226445,0 36.618235,50.22636,0 36.620186,50.226128,0 36.622501,50.225747,0 36.62518,50.225218,0 36.628222,50.224541,0 36.631017,50.223885,0 36.633563,50.22325,0 36.635861,50.222637,0 36.637912,50.222044,0 36.639714,50.221473,0 36.641268,50.220923,0 36.642575,50.220394,0 36.643633,50.219886,0 36.644807,50.219498,0 36.646096,50.21923,0 36.647502,50.219082,0 36.649023,50.219054,0 36.65066,50.219146,0 36.652413,50.219357,0 36.654281,50.219689,0 36.656265,50.22014,0 36.658247,50.220775,0 36.660225,50.221593,0 36.662201,50.222594,0 36.664174,50.223779,0 36.666145,50.225147,0 36.668112,50.226698,0 36.670077,50.228433,0 36.672039,50.230351,0 36.673839,50.232236,0 36.675476,50.234087,0 36.67695,50.235904,0 36.678262,50.237688,0 36.679411,50.239438,0 36.680398,50.241155,0 36.681222,50.242838,0 36.681883,50.244488,0 36.682437,50.246026,0 36.682884,50.247454,0 36.683222,50.24877,0 36.683454,50.249976,0 36.683578,50.25107,0 36.683595,50.252053,0 36.683504,50.252926,0 36.683305,50.253687,0 36.683225,50.254518,0 36.683264,50.25542,0 36.683421,50.256393,0 36.683696,50.257436,0 36.684091,50.25855,0 36.684603,50.259733,0 36.685234,50.260988,0 36.685984,50.262313,0 36.68675,50.263512,0 36.687533,50.264587,0 36.688332,50.265537,0 36.689147,50.266361,0 36.68998,50.26706,0 36.690828,50.267635,0 36.691694,50.268084,0 36.692576,50.268408,0 36.693411,50.268614,0 36.694199,50.268702,0 36.69494,50.268672,0 36.695635,50.268524,0 36.696282,50.268258,0 36.696883,50.267874,0 36.697437,50.267372,0 36.697944,50.266752,0 36.698434,50.266197,0 36.698908,50.265708,0 36.699366,50.265283,0 36.699807,50.264924,0 36.700231,50.264629,0 36.700639,50.2644,0 36.70103,50.264237,0 36.701405,50.264138,0 36.702659,50.263909,0 36.704585,50.263638,0 36.705801,50.263486,0 36.708736,50.263151,0 36.710455,50.262968,0 36.713977,50.262607,0 36.717609,50.262253,0 36.721352,50.261906,0 36.725204,50.261566,0 36.727249,50.261414,0 36.729399,50.261281,0 36.731653,50.261164,0 36.734012,50.261066,0 36.736475,50.260985,0 36.739044,50.260921,0 36.741717,50.260875,0 36.744495,50.260847,0 36.74697,50.260674,0 36.749141,50.260357,0 36.75101,50.259896,0 36.752575,50.25929,0 36.753837,50.258539,0 36.754796,50.257644,0 36.755452,50.256604,0 36.755805,50.25542,0 36.756339,50.254293,0 36.757056,50.253221,0 36.757954,50.252207,0 36.759034,50.251248,0 36.760297,50.250346,0 36.761741,50.2495,0 36.763367,50.248711,0 36.765174,50.247977,0 36.767026,50.247364,0 36.768922,50.246871,0 36.770862,50.246497,0 36.772846,50.246243,0 36.774875,50.246109,0 36.776947,50.246095,0 36.779064,50.246201,0 36.781224,50.246427,0 36.783451,50.24667,0 36.785744,50.246931,0 36.788103,50.247209,0 36.790528,50.247505,0 36.793019,50.247819,0 36.795576,50.24815,0 36.7982,50.248499,0 36.800889,50.248866,0 36.803551,50.249126,0 36.806186,50.249282,0 36.808793,50.249331,0 36.811372,50.249274,0 36.813924,50.249112,0 36.816449,50.248844,0 36.818945,50.248471,0 36.821415,50.247992,0 36.823823,50.247748,0 36.826171,50.247741,0 36.828458,50.24797,0 36.830685,50.248436,0 36.832851,50.249137,0 36.834957,50.250074,0 36.837001,50.251248,0 36.838985,50.252657,0 36.841196,50.25399,0 36.843632,50.255244,0 36.846294,50.256421,0 36.849182,50.257521,0 36.852296,50.258543,0 36.855636,50.259487,0 36.859202,50.260354,0 36.862994,50.261143,0 36.866488,50.261788,0 36.869685,50.262288,0 36.872584,50.262644,0 36.875186,50.262855,0 36.877489,50.262922,0 36.879496,50.262845,0 36.881204,50.262623,0 36.882615,50.262257,0 36.884197,50.26195,0 36.88595,50.261703,0 36.887873,50.261517,0 36.889968,50.26139,0 36.892233,50.261323,0 36.894669,50.261316,0 36.897276,50.261369,0 36.900054,50.261481,0 36.902727,50.26145,0 36.905295,50.261273,0 36.907759,50.260953,0 36.910118,50.260488,0 36.912372,50.259878,0 36.914522,50.259124,0 36.916567,50.258225,0 36.918507,50.257182,0 36.920626,50.256242,0 36.922924,50.255403,0 36.925402,50.254666,0 36.928058,50.254032,0 36.930894,50.2535,0 36.933909,50.25307,0 36.937103,50.252742,0 36.940476,50.252517,0 36.943783,50.252629,0 36.947024,50.253078,0 36.950198,50.253864,0 36.953307,50.254988,0 36.956349,50.25645,0 36.959326,50.258248,0 36.962236,50.260385,0 36.96508,50.262858,0 36.967585,50.265146,0 36.969751,50.267247,0 36.971578,50.269163,0 36.973066,50.270893,0 36.974215,50.272437,0 36.975025,50.273795,0 36.975497,50.274967,0 36.975629,50.275953,0 36.975623,50.276975,0 36.97548,50.278032,0 36.975199,50.279123,0 36.97478,50.280251,0 36.974223,50.281413,0 36.973529,50.28261,0 36.972697,50.283843,0 36.971727,50.285111,0 36.971054,50.286245,0 36.970679,50.287245,0 36.970602,50.288111,0 36.970823,50.288844,0 36.971341,50.289442,0 36.972156,50.289907,0 36.97327,50.290238,0 36.974681,50.290436,0 36.976285,50.290569,0 36.978081,50.29064,0 36.980071,50.290647,0 36.982254,50.29059,0 36.984629,50.290471,0 36.987198,50.290288,0 36.989959,50.290041,0 36.992913,50.289731,0 36.995972,50.289502,0 36.999136,50.289354,0 37.002404,50.289288,0 37.005777,50.289302,0 37.009255,50.289397,0 37.012838,50.289573,0 37.016525,50.28983,0 37.020317,50.290168,0 37.023916,50.290626,0 37.027322,50.291203,0 37.030535,50.2919,0 37.033556,50.292717,0 37.036383,50.293654,0 37.039018,50.29471,0 37.041459,50.295886,0 37.043708,50.297182,0 37.046045,50.298421,0 37.04847,50.299604,0 37.050983,50.300731,0 37.053585,50.301801,0 37.056274,50.302815,0 37.059052,50.303772,0 37.061918,50.304674,0 37.064872,50.305518,0 37.06776,50.306286,0 37.070582,50.306976,0 37.073338,50.307588,0 37.076028,50.308123,0 37.078651,50.308581,0 37.081209,50.308961,0 37.0837,50.309264,0 37.086125,50.309489,0 37.088462,50.309588,0 37.090711,50.30956,0 37.092871,50.309405,0 37.094944,50.309123,0 37.096928,50.308715,0 37.098824,50.30818,0 37.100632,50.307518,0 37.102351,50.306729,0 37.104154,50.30612,0 37.106038,50.305691,0 37.108006,50.305441,0 37.110056,50.305371,0 37.112189,50.30548,0 37.114405,50.305768,0 37.116703,50.306237,0 37.119084,50.306884,0 37.121465,50.307398,0 37.123846,50.307778,0 37.126227,50.308025,0 37.128608,50.308137,0 37.130989,50.308116,0 37.13337,50.307961,0 37.135751,50.307673,0 37.138132,50.30725,0 37.140293,50.306979,0 37.142233,50.30686,0 37.143953,50.306891,0 37.145452,50.307074,0 37.146731,50.307409,0 37.147789,50.307895,0 37.148627,50.308532,0 37.149244,50.30932,0 37.149602,50.310017,0 37.149701,50.310623,0 37.149541,50.311136,0 37.149123,50.311559,0 37.148445,50.31189,0 37.147508,50.312129,0 37.146312,50.312277,0 37.144857,50.312333,0 37.143319,50.312506,0 37.141698,50.312794,0 37.139995,50.313199,0 37.13821,50.31372,0 37.136341,50.314357,0 37.13439,50.31511,0 37.132356,50.315979,0 37.13024,50.316965,0 37.128118,50.317926,0 37.12599,50.318862,0 37.123857,50.319773,0 37.121719,50.32066,0 37.119575,50.321522,0 37.117425,50.32236,0 37.11527,50.323173,0 37.11311,50.323961,0 37.111175,50.324985,0 37.109467,50.326244,0 37.107984,50.327739,0 37.106727,50.32947,0 37.105697,50.331437,0 37.104892,50.333639,0 37.104313,50.336077,0 37.103961,50.338751,0 37.103729,50.341139,0 37.103619,50.343243,0 37.10363,50.345062,0 37.103762,50.346595,0 37.104016,50.347844,0 37.104391,50.348808,0 37.104887,50.349487,0 37.105504,50.349881,0 37.105967,50.350324,0 37.106275,50.350816,0 37.10643,50.351358,0 37.10643,50.351949,0 37.106275,50.352589,0 37.105967,50.353278,0 37.105504,50.354016,0 37.104887,50.354804,0 37.104859,50.355532,0 37.105421,50.3562,0 37.106573,50.356809,0 37.108315,50.357357,0 37.110646,50.357846,0 37.113567,50.358275,0 37.117078,50.358644,0 37.121179,50.358954,0 37.125042,50.359161,0 37.128669,50.359266,0 37.132059,50.35927,0 37.135211,50.359172,0 37.138127,50.358971,0 37.140806,50.358669,0 37.143247,50.358264,0 37.145452,50.357758,0 37.148114,50.357512,0 37.151234,50.357526,0 37.154811,50.3578,0 37.158845,50.358334,0 37.163337,50.359129,0 37.168286,50.360184,0 37.173693,50.361499,0 37.179558,50.363074,0 37.185163,50.364674,0 37.190509,50.366298,0 37.195596,50.367947,0 37.200424,50.36962,0 37.204994,50.371318,0 37.209304,50.373041,0 37.213355,50.374788,0 37.217147,50.376559,0 37.221473,50.37844,0 37.226334,50.380429,0 37.23173,50.382527,0 37.237661,50.384734,0 37.244126,50.38705,0 37.251126,50.389474,0 37.25866,50.392008,0 37.266729,50.39465,0 37.274015,50.397278,0 37.280519,50.399892,0 37.28624,50.402492,0 37.291178,50.405077,0 37.295334,50.407649,0 37.298707,50.410206,0 37.301298,50.412749,0 37.303105,50.415278,0 37.304908,50.417666,0 37.306704,50.419914,0 37.308496,50.422021,0 37.310281,50.423987,0 37.312062,50.425813,0 37.313836,50.427499,0 37.315606,50.429044,0 37.317369,50.430448,0 37.319309,50.431698,0 37.321426,50.432794,0 37.323719,50.433734,0 37.326188,50.434521,0 37.328833,50.435153,0 37.331655,50.43563,0 37.334654,50.435953,0 37.337828,50.436122,0 37.340838,50.436224,0 37.343682,50.436259,0 37.34636,50.436227,0 37.348874,50.436129,0 37.351221,50.435964,0 37.353404,50.435732,0 37.355421,50.435434,0 37.357273,50.435069,0 37.359412,50.434707,0 37.361837,50.434349,0 37.364549,50.433994,0 37.367547,50.433643,0 37.370832,50.433296,0 37.374403,50.432952,0 37.378261,50.432611,0 37.382406,50.432274,0 37.386143,50.431884,0 37.389472,50.431442,0 37.392393,50.430947,0 37.394906,50.430399,0 37.397012,50.429799,0 37.398709,50.429146,0 37.399999,50.42844,0 37.400881,50.427682,0 37.401862,50.427025,0 37.402942,50.42647,0 37.404122,50.426017,0 37.4054,50.425666,0 37.406778,50.425417,0 37.408255,50.42527,0 37.409832,50.425224,0 37.411507,50.42528,0 37.413155,50.425413,0 37.414776,50.425624,0 37.416368,50.425912,0 37.417934,50.426277,0 37.419471,50.42672,0 37.420982,50.427239,0 37.422464,50.427836,0 37.423919,50.42851,0 37.425319,50.429086,0 37.426664,50.429564,0 37.427954,50.429943,0 37.429188,50.430224,0 37.430368,50.430406,0 37.431492,50.430491,0 37.432562,50.430477,0 37.433576,50.430364,0 37.434524,50.430175,0 37.435405,50.429908,0 37.436221,50.429564,0 37.436971,50.429142,0 37.437654,50.428644,0 37.438272,50.428068,0 37.438823,50.427415,0 37.439308,50.426685,0 37.440008,50.425979,0 37.440923,50.425298,0 37.442052,50.424641,0 37.443397,50.424009,0 37.444957,50.423401,0 37.446732,50.422819,0 37.448721,50.42226,0 37.450926,50.421726,0 37.452927,50.421175,0 37.454724,50.420606,0 37.456316,50.42002,0 37.457705,50.419416,0 37.45889,50.418794,0 37.459871,50.418155,0 37.460649,50.417498,0 37.461222,50.416824,0 37.461784,50.416009,0 37.462335,50.415054,0 37.462875,50.413958,0 37.463404,50.412722,0 37.463922,50.411345,0 37.46443,50.409827,0 37.464926,50.408169,0 37.465411,50.406371,0 37.46578,50.40454,0 37.466033,50.402679,0 37.466171,50.400785,0 37.466193,50.39886,0 37.4661,50.396903,0 37.46589,50.394914,0 37.465565,50.392894,0 37.465124,50.390842,0 37.464821,50.388948,0 37.464655,50.387212,0 37.464628,50.385634,0 37.464738,50.384214,0 37.464986,50.382953,0 37.465372,50.381849,0 37.465896,50.380904,0 37.466557,50.380117,0 37.467196,50.379291,0 37.467814,50.378426,0 37.468409,50.377523,0 37.468982,50.376581,0 37.469533,50.3756,0 37.470062,50.374581,0 37.470569,50.373522,0 37.471054,50.372426,0 37.471556,50.371431,0 37.472074,50.370538,0 37.472609,50.369747,0 37.47316,50.369058,0 37.473728,50.368471,0 37.474312,50.367986,0 37.474913,50.367603,0 37.47553,50.367321,0 37.476087,50.366931,0 37.476583,50.366432,0 37.477018,50.365824,0 37.477393,50.365106,0 37.477707,50.36428,0 37.47796,50.363345,0 37.478153,50.362301,0 37.478286,50.361147,0 37.478765,50.360061,0 37.479592,50.359041,0 37.480766,50.358088,0 37.482287,50.357202,0 37.484155,50.356383,0 37.486371,50.35563,0 37.488934,50.354945,0 37.491844,50.354326,0 37.494688,50.353524,0 37.497466,50.352539,0 37.500178,50.351372,0 37.502823,50.350021,0 37.505403,50.348487,0 37.507916,50.346771,0 37.510363,50.344872,0 37.512744,50.342789,0 37.515362,50.340862,0 37.518217,50.339089,0 37.521309,50.337471,0 37.524638,50.336008,0 37.528204,50.334699,0 37.532007,50.333545,0 37.536047,50.332546,0 37.540324,50.331702,0 37.544337,50.330678,0 37.548084,50.329474,0 37.551568,50.328091,0 37.554786,50.326529,0 37.557741,50.324787,0 37.56043,50.322866,0 37.562855,50.320765,0 37.565016,50.318484,0 37.566967,50.316412,0 37.568709,50.314546,0 37.570241,50.312889,0 37.571564,50.311439,0 37.572677,50.310196,0 37.573581,50.309162,0 37.574275,50.308335,0 37.57476,50.307715,0 37.575317,50.307328,0 37.575945,50.307173,0 37.576645,50.30725,0 37.577417,50.30756,0 37.57826,50.308102,0 37.579175,50.308876,0 37.580162,50.309883,0 37.58122,50.311122,0 37.582587,50.312203,0 37.584262,50.313125,0 37.586247,50.313889,0 37.588539,50.314494,0 37.591141,50.314941,0 37.594051,50.31523,0 37.59727,50.31536,0 37.600797,50.315332,0 37.604206,50.315249,0 37.607497,50.315112,0 37.610668,50.31492,0 37.613722,50.314674,0 37.616657,50.314373,0 37.619473,50.314017,0 37.622171,50.313607,0 37.624751,50.313143,0 37.627065,50.312641,0 37.629116,50.312103,0 37.630902,50.311527,0 37.632423,50.310915,0 37.633679,50.310265,0 37.634671,50.309579,0 37.635399,50.308855,0 37.635862,50.308095,0 37.636259,50.307356,0 37.636589,50.306638,0 37.636854,50.305941,0 37.637052,50.305265,0 37.637185,50.30461,0 37.637251,50.303977,0 37.637251,50.303364,0 37.637185,50.302773,0 37.636984,50.302141,0 37.636647,50.301468,0 37.636176,50.300755,0 37.63557,50.300002,0 37.634829,50.299208,0 37.633952,50.298374,0 37.632941,50.297499,0 37.631794,50.296583,0 37.630775,50.295353,0 37.629882,50.293807,0 37.629116,50.291945,0 37.628476,50.289769,0 37.627964,50.287277,0 37.627578,50.28447,0 37.627319,50.281348,0 37.627187,50.27791,0 37.62709,50.274786,0 37.62703,50.271975,0 37.627005,50.269478,0 37.627016,50.267294,0 37.627063,50.265423,0 37.627145,50.263866,0 37.627264,50.262623,0 37.627545,50.260847,0 37.627716,50.259409,0 37.62776,50.258817,0 37.627765,50.257887,0 37.627661,50.257295,0 37.627515,50.257066,0 37.627289,50.256862,0 37.626983,50.256682,0 37.626597,50.256527,0 37.626131,50.256397,0 37.625586,50.256291,0 37.62496,50.25621,0 37.624255,50.256154,0 37.623367,50.256104,0 37.622298,50.256062,0 37.621047,50.256027,0 37.619614,50.255999,0 37.617999,50.255977,0 37.616202,50.255963,0 37.614223,50.255956,0 37.612063,50.255956,0 37.609911,50.255785,0 37.607767,50.255443,0 37.605631,50.254931,0 37.603503,50.254247,0 37.601384,50.253392,0 37.599273,50.252367,0 37.597171,50.25117,0 37.595076,50.249803,0 37.592836,50.248527,0 37.590449,50.247343,0 37.587917,50.24625,0 37.585238,50.245249,0 37.582413,50.24434,0 37.579443,50.243522,0 37.576326,50.242796,0 37.573063,50.242162,0 37.5698,50.241797,0 37.566537,50.241702,0 37.563274,50.241876,0 37.560011,50.24232,0 37.556749,50.243034,0 37.553486,50.244017,0 37.550223,50.24527,0 37.54696,50.246793,0 37.543981,50.248102,0 37.541286,50.249198,0 37.538875,50.250081,0 37.536747,50.250751,0 37.534903,50.251208,0 37.533344,50.251451,0 37.532068,50.251481,0 37.531076,50.251297,0 37.530243,50.251019,0 37.529571,50.250645,0 37.529058,50.250177,0 37.528706,50.249613,0 37.528513,50.248954,0 37.52848,50.248199,0 37.528606,50.24735,0 37.528893,50.246405,0 37.52908,50.245405,0 37.529169,50.24435,0 37.529158,50.243238,0 37.529047,50.242072,0 37.528838,50.240849,0 37.528529,50.239571,0 37.528121,50.238238,0 37.527614,50.236849,0 37.527049,50.235352,0 37.526427,50.233746,0 37.525746,50.232031,0 37.525007,50.230208,0 37.524211,50.228277,0 37.523357,50.226237,0 37.522444,50.224089,0 37.521474,50.221832,0 37.520769,50.219827,0 37.520328,50.218075,0 37.520152,50.216574,0 37.52024,50.215326,0 37.520593,50.21433,0 37.52121,50.213586,0 37.522092,50.213094,0 37.523238,50.212854,0 37.524307,50.212707,0 37.525299,50.212654,0 37.526214,50.212695,0 37.527052,50.212829,0 37.527813,50.213057,0 37.528496,50.213377,0 37.529102,50.213792,0 37.529632,50.2143,0 37.530282,50.214956,0 37.531054,50.21576,0 37.531946,50.216712,0 37.532961,50.217812,0 37.534096,50.219061,0 37.535353,50.220457,0 37.536731,50.222002,0 37.53823,50.223694,0 37.540004,50.225133,0 37.542055,50.226318,0 37.544381,50.227249,0 37.546982,50.227926,0 37.549859,50.228349,0 37.553012,50.228518,0 37.55644,50.228434,0 37.560144,50.228095,0 37.563506,50.227563,0 37.566526,50.226836,0 37.569205,50.225916,0 37.571542,50.224802,0 37.573537,50.223493,0 37.57519,50.221991,0 37.576502,50.220295,0 37.577472,50.218404,0 37.578541,50.216729,0 37.57971,50.215269,0 37.580978,50.214024,0 37.582344,50.212995,0 37.583811,50.21218,0 37.585376,50.21158,0 37.58704,50.211196,0 37.588804,50.211027,0 37.590827,50.210799,0 37.593109,50.210513,0 37.595649,50.21017,0 37.598449,50.209767,0 37.601508,50.209307,0 37.604826,50.208789,0 37.608403,50.208212,0 37.612239,50.207577,0 37.615791,50.206869,0 37.61906,50.206087,0 37.622044,50.205233,0 37.624745,50.204305,0 37.627162,50.203304,0 37.629295,50.20223,0 37.631144,50.201082,0 37.632709,50.199862,0 37.634171,50.198707,0 37.63553,50.197619,0 37.636785,50.196596,0 37.637937,50.19564,0 37.638986,50.19475,0 37.639931,50.193926,0 37.640773,50.193169,0 37.641511,50.192477,0 37.642091,50.191778,0 37.642513,50.191073,0 37.642776,50.19036,0 37.642881,50.18964,0 37.642827,50.188913,0 37.642615,50.188179,0 37.642244,50.187438,0 37.641715,50.18669,0 37.64125,50.185989,0 37.640847,50.185336,0 37.640508,50.184731,0 37.640233,50.184174,0 37.64002,50.183664,0 37.639872,50.183201,0 37.639786,50.182787,0 37.639753,50.182075,0 37.639764,50.181453,0 37.639863,50.18069,0 37.639985,50.180293,0 37.63937,50.179999,0 37.638075,50.179597,0 37.636099,50.179089,0 37.633442,50.178473,0 37.630105,50.177749,0 37.626087,50.176919,0 37.621389,50.175981,0 37.616009,50.174937,0 37.611308,50.173758,0 37.607284,50.172444,0 37.603939,50.170997,0 37.601271,50.169415,0 37.599282,50.167699,0 37.59797,50.165849,0 37.597336,50.163865,0 37.59738,50.161747,0 37.597645,50.15961,0 37.59813,50.157456,0 37.598835,50.155285,0 37.599761,50.153095,0 37.600907,50.150888,0 37.602274,50.148663,0 37.603862,50.14642,0 37.605669,50.14416,0 37.607676,50.142334,0 37.60988,50.140942,0 37.612283,50.139985,0 37.614885,50.139462,0 37.617685,50.139374,0 37.620683,50.13972,0 37.62388,50.140501,0 37.627275,50.141716,0 37.630532,50.142705,0 37.633652,50.143468,0 37.636634,50.144005,0 37.639478,50.144316,0 37.642184,50.144401,0 37.644752,50.144259,0 37.647183,50.143892,0 37.649476,50.143299,0 37.65162,50.142532,0 37.653615,50.141592,0 37.655461,50.14048,0 37.657159,50.139194,0 37.658707,50.137735,0 37.660107,50.136102,0 37.661359,50.134297,0 37.662461,50.132319,0 37.663932,50.130333,0 37.665773,50.12834,0 37.667983,50.12634,0 37.670563,50.124333,0 37.673512,50.122319,0 37.67683,50.120298,0 37.680517,50.118269,0 37.684573,50.116234,0 37.687985,50.114113,0 37.690752,50.111907,0 37.692874,50.109617,0 37.694351,50.107241,0 37.695183,50.104781,0 37.695371,50.102236,0 37.694913,50.099605,0 37.693811,50.09689,0 37.693337,50.09427,0 37.693491,50.091745,0 37.694274,50.089316,0 37.695685,50.086982,0 37.697724,50.084744,0 37.700392,50.082601,0 37.703688,50.080553,0 37.707612,50.078601,0 37.71136,50.07673,0 37.714931,50.07494,0 37.718326,50.073231,0 37.721545,50.071604,0 37.724587,50.070058,0 37.727454,50.068594,0 37.730143,50.067211,0 37.732656,50.065909,0 37.734663,50.064685,0 37.736162,50.063538,0 37.737154,50.06247,0 37.737639,50.061479,0 37.737617,50.060566,0 37.737088,50.059731,0 37.736052,50.058974,0 37.734508,50.058295,0 37.732904,50.057697,0 37.73124,50.05718,0 37.729515,50.056745,0 37.727729,50.056391,0 37.725883,50.056119,0 37.723976,50.055927,0 37.722008,50.055818,0 37.71998,50.055789,0 37.718321,50.055598,0 37.717031,50.055244,0 37.716111,50.054728,0 37.71556,50.054048,0 37.715378,50.053206,0 37.715565,50.052201,0 37.716122,50.051033,0 37.717048,50.049702,0 37.718415,50.048449,0 37.720222,50.047274,0 37.722471,50.046177,0 37.725161,50.045158,0 37.728291,50.044217,0 37.731863,50.043353,0 37.735875,50.042567,0 37.740329,50.041859,0 37.744236,50.040995,0 37.747598,50.039976,0 37.750415,50.038801,0 37.752686,50.037469,0 37.754411,50.035983,0 37.75559,50.03434,0 37.756224,50.032541,0 37.756312,50.030587,0 37.756301,50.028303,0 37.756191,50.02569,0 37.755981,50.022746,0 37.755673,50.019474,0 37.755265,50.015872,0 37.754758,50.01194,0 37.754152,50.007679,0 37.753446,50.003088,0 37.75306,49.998908,0 37.752994,49.995138,0 37.753248,49.99178,0 37.753821,49.988832,0 37.754714,49.986296,0 37.755926,49.98417,0 37.757459,49.982455,0 37.75931,49.98115,0 37.760666,49.979686,0 37.761526,49.978063,0 37.76189,49.97628,0 37.761758,49.974337,0 37.761129,49.972235,0 37.760005,49.969973,0 37.758385,49.967552,0 37.756268,49.964971,0 37.754488,49.962443,0 37.753044,49.959968,0 37.751936,49.957547,0 37.751164,49.955178,0 37.750729,49.952862,0 37.75063,49.9506,0 37.750867,49.948391,0 37.75144,49.946234,0 37.751572,49.943985,0 37.751264,49.941644,0 37.750514,49.939211,0 37.749324,49.936685,0 37.747692,49.934067,0 37.74562,49.931356,0 37.743106,49.928553,0 37.740152,49.925658,0 37.737589,49.922944,0 37.735418,49.92041,0 37.733638,49.918058,0 37.732249,49.915886,0 37.731251,49.913895,0 37.730645,49.912085,0 37.73043,49.910456,0 37.730606,49.909008,0 37.730391,49.907524,0 37.729785,49.906005,0 37.728787,49.90445,0 37.727398,49.90286,0 37.725618,49.901234,0 37.723447,49.899572,0 37.720884,49.897875,0 37.717929,49.896143,0 37.715179,49.894325,0 37.712633,49.892422,0 37.71029,49.890433,0 37.708152,49.888359,0 37.706217,49.8862,0 37.704487,49.883956,0 37.70296,49.881626,0 37.701637,49.879211,0 37.699944,49.877003,0 37.69788,49.875004,0 37.695445,49.873212,0 37.69264,49.871628,0 37.689464,49.870251,0 37.685917,49.869083,0 37.681999,49.868122,0 37.677711,49.867369,0 37.67383,49.866593,0 37.670355,49.865793,0 37.667286,49.864971,0 37.664624,49.864125,0 37.662369,49.863257,0 37.660519,49.862365,0 37.659077,49.86145,0 37.658041,49.860512,0 37.657324,49.859563,0 37.656927,49.858604,0 37.65685,49.857634,0 37.657093,49.856653,0 37.657655,49.855662,0 37.658537,49.85466,0 37.659738,49.853647,0 37.661259,49.852623,0 37.662668,49.851602,0 37.663963,49.850582,0 37.665145,49.849564,0 37.666214,49.848547,0 37.667171,49.847533,0 37.668014,49.84652,0 37.668744,49.845509,0 37.669361,49.844499,0 37.669731,49.843509,0 37.669852,49.842539,0 37.669725,49.841588,0 37.66935,49.840657,0 37.668728,49.839745,0 37.667857,49.838853,0 37.666738,49.83798,0 37.665371,49.837127,0 37.664302,49.836146,0 37.66353,49.835037,0 37.663056,49.8338,0 37.66288,49.832434,0 37.663001,49.830941,0 37.66342,49.82932,0 37.664136,49.827571,0 37.665151,49.825693,0 37.665729,49.823905,0 37.665873,49.822205,0 37.66558,49.820594,0 37.664853,49.819073,0 37.66369,49.817639,0 37.662092,49.816295,0 37.660058,49.81504,0 37.657589,49.813873,0 37.655329,49.812984,0 37.653279,49.812373,0 37.651438,49.812038,0 37.649806,49.811981,0 37.648384,49.812202,0 37.647172,49.8127,0 37.646169,49.813475,0 37.645375,49.814528,0 37.644466,49.815492,0 37.64344,49.816366,0 37.642299,49.817152,0 37.641043,49.817849,0 37.63967,49.818458,0 37.638182,49.818977,0 37.636578,49.819407,0 37.634859,49.819748,0 37.633189,49.819958,0 37.631568,49.820037,0 37.629998,49.819983,0 37.628476,49.819798,0 37.627005,49.819482,0 37.625583,49.819034,0 37.62421,49.818454,0 37.622888,49.817743,0 37.621796,49.817064,0 37.620937,49.816416,0 37.620308,49.815801,0 37.619911,49.815218,0 37.619746,49.814667,0 37.619812,49.814147,0 37.62011,49.81366,0 37.620639,49.813205,0 37.620964,49.812614,0 37.621085,49.811889,0 37.621003,49.811028,0 37.620716,49.810032,0 37.620226,49.808901,0 37.619531,49.807635,0 37.618633,49.806233,0 37.61753,49.804697,0 37.616698,49.803185,0 37.616136,49.801698,0 37.615844,49.800236,0 37.615822,49.798799,0 37.61607,49.797386,0 37.616588,49.795999,0 37.617376,49.794636,0 37.618434,49.793298,0 37.619294,49.79195,0 37.619956,49.790591,0 37.620418,49.789221,0 37.620683,49.78784,0 37.620749,49.786449,0 37.620617,49.785047,0 37.620286,49.783634,0 37.619757,49.78221,0 37.619482,49.780918,0 37.619459,49.779758,0 37.619691,49.77873,0 37.620176,49.777833,0 37.620915,49.777068,0 37.621907,49.776434,0 37.623152,49.775932,0 37.624651,49.775562,0 37.626145,49.774968,0 37.627633,49.774149,0 37.629116,49.773106,0 37.630593,49.771839,0 37.632064,49.770347,0 37.633531,49.768631,0 37.634991,49.766691,0 37.636446,49.764526,0 37.637422,49.762483,0 37.637918,49.76056,0 37.637934,49.758759,0 37.637471,49.757078,0 37.636529,49.755519,0 37.635107,49.75408,0 37.633205,49.752763,0 37.630824,49.751566,0 37.628534,49.750297,0 37.626335,49.748954,0 37.624227,49.747539,0 37.62221,49.74605,0 37.620283,49.744488,0 37.618448,49.742853,0 37.616704,49.741145,0 37.61505,49.739364,0 37.61343,49.737722,0 37.611842,49.736219,0 37.610288,49.734855,0 37.608767,49.73363,0 37.607279,49.732543,0 37.605824,49.731596,0 37.604402,49.730787,0 37.60164,49.729451,0 37.598945,49.728129,0 37.596316,49.726822,0 37.593753,49.725528,0 37.592497,49.724887,0 37.591422,49.724288,0 37.590529,49.723733,0 37.589818,49.72322,0 37.589289,49.722749,0 37.588942,49.722322,0 37.588776,49.721937,0 37.588793,49.721595,0 37.588991,49.721295,0 37.589248,49.721053,0 37.589562,49.720868,0 37.589934,49.72074,0 37.590364,49.720668,0 37.590852,49.720654,0 37.591397,49.720697,0 37.592001,49.720797,0 37.592662,49.720953,0 37.593343,49.721073,0 37.594043,49.721155,0 37.594762,49.721199,0 37.595501,49.721206,0 37.596258,49.721176,0 37.597036,49.721108,0 37.597832,49.721003,0 37.598648,49.720861,0 37.599337,49.72069,0 37.599899,49.72049,0 37.600334,49.720262,0 37.600643,49.720005,0 37.600825,49.71972,0 37.60088,49.719407,0 37.600808,49.719065,0 37.60061,49.718694,0 37.600516,49.718304,0 37.600527,49.717894,0 37.600643,49.717465,0 37.600863,49.717016,0 37.601189,49.716547,0 37.601618,49.716059,0 37.602153,49.715551,0 37.602792,49.715024,0 37.603525,49.714619,0 37.604352,49.714338,0 37.605273,49.714179,0 37.606287,49.714143,0 37.607395,49.714231,0 37.608596,49.714441,0 37.609891,49.714774,0 37.61128,49.71523,0 37.612551,49.715811,0 37.613703,49.716517,0 37.614736,49.717347,0 37.615651,49.718302,0 37.616447,49.719382,0 37.617125,49.720586,0 37.617685,49.721915,0 37.618126,49.723369,0 37.619013,49.724881,0 37.620347,49.726453,0 37.622127,49.728083,0 37.624354,49.729771,0 37.627027,49.731519,0 37.630146,49.733325,0 37.633712,49.73519,0 37.637725,49.737113,0 37.641726,49.738611,0 37.645717,49.739683,0 37.649696,49.74033,0 37.653664,49.740551,0 37.657622,49.740346,0 37.661568,49.739716,0 37.665503,49.738659,0 37.669428,49.737178,0 37.673258,49.735607,0 37.676995,49.733947,0 37.680638,49.732197,0 37.684188,49.730359,0 37.687643,49.728431,0 37.691005,49.726415,0 37.694274,49.724309,0 37.697448,49.722114,0 37.701086,49.719816,0 37.705187,49.717414,0 37.70975,49.714909,0 37.714777,49.7123,0 37.720266,49.709587,0 37.726219,49.706771,0 37.732634,49.703852,0 37.739513,49.700829,0 37.74557,49.697895,0 37.750806,49.695051,0 37.755221,49.692295,0 37.758814,49.689628,0 37.761587,49.68705,0 37.763538,49.684561,0 37.764668,49.682161,0 37.764976,49.67985,0 37.765004,49.677782,0 37.76475,49.675956,0 37.764216,49.674372,0 37.7634,49.673031,0 37.762303,49.671933,0 37.760925,49.671077,0 37.759266,49.670464,0 37.757326,49.670093,0 37.755072,49.669797,0 37.752504,49.669575,0 37.749621,49.669429,0 37.746424,49.669358,0 37.742914,49.669361,0 37.739088,49.66944,0 37.734949,49.669593,0 37.730496,49.669822,0 37.726401,49.669939,0 37.722664,49.669946,0 37.719285,49.669843,0 37.716265,49.669629,0 37.713603,49.669304,0 37.711299,49.668869,0 37.709353,49.668323,0 37.707766,49.667667,0 37.705738,49.667078,0 37.703269,49.666558,0 37.700359,49.666105,0 37.697008,49.665719,0 37.693216,49.665402,0 37.688983,49.665152,0 37.684309,49.66497,0 37.679194,49.664856,0 37.674708,49.664653,0 37.67085,49.66436,0 37.66762,49.663978,0 37.665018,49.663507,0 37.663045,49.662947,0 37.6617,49.662298,0 37.660984,49.661559,0 37.660896,49.660732,0 37.661248,49.659975,0 37.662042,49.65929,0 37.663277,49.658677,0 37.664952,49.658134,0 37.667069,49.657664,0 37.669626,49.657264,0 37.672624,49.656936,0 37.676063,49.656679,0 37.679398,49.656283,0 37.682628,49.655747,0 37.685753,49.655073,0 37.688773,49.654259,0 37.691689,49.653307,0 37.6945,49.652215,0 37.697206,49.650984,0 37.699807,49.649613,0 37.702398,49.648389,0 37.704977,49.647312,0 37.707546,49.64638,0 37.710103,49.645595,0 37.712649,49.644956,0 37.715185,49.644464,0 37.717709,49.644118,0 37.720222,49.643918,0 37.722967,49.643911,0 37.725943,49.644096,0 37.729151,49.644475,0 37.73259,49.645046,0 37.736261,49.645809,0 37.740163,49.646766,0 37.744297,49.647915,0 37.748662,49.649256,0 37.752862,49.650181,0 37.756896,49.650687,0 37.760766,49.650777,0 37.764469,49.650448,0 37.768008,49.649702,0 37.771381,49.648539,0 37.774589,49.646958,0 37.777631,49.644959,0 37.780591,49.642879,0 37.783468,49.640716,0 37.786262,49.638471,0 37.788974,49.636143,0 37.791603,49.633734,0 37.794149,49.631242,0 37.796613,49.628668,0 37.798994,49.626012,0 37.800449,49.623548,0 37.800978,49.621277,0 37.800581,49.619199,0 37.799258,49.617314,0 37.79701,49.615622,0 37.793835,49.614122,0 37.789734,49.612815,0 37.784708,49.611701,0 37.780299,49.610444,0 37.776507,49.609044,0 37.773332,49.607501,0 37.770775,49.605815,0 37.768835,49.603986,0 37.767512,49.602014,0 37.766806,49.599899,0 37.766718,49.597641,0 37.766217,49.595348,0 37.765302,49.593019,0 37.763973,49.590653,0 37.762232,49.588252,0 37.760077,49.585815,0 37.757508,49.583343,0 37.754526,49.580834,0 37.751131,49.57829,0 37.747775,49.576195,0 37.744457,49.574552,0 37.741177,49.573358,0 37.737937,49.572615,0 37.734734,49.572322,0 37.731571,49.572479,0 37.728446,49.573087,0 37.725359,49.574145,0 37.722168,49.574877,0 37.718872,49.575285,0 37.715471,49.575367,0 37.711966,49.575124,0 37.708356,49.574556,0 37.704641,49.573662,0 37.700822,49.572443,0 37.696897,49.570899,0 37.693585,49.569305,0 37.690884,49.567661,0 37.688795,49.565966,0 37.687318,49.564222,0 37.686453,49.562427,0 37.686199,49.560582,0 37.686558,49.558688,0 37.687528,49.556743,0 37.688481,49.554554,0 37.689418,49.552123,0 37.690338,49.549448,0 37.691242,49.546529,0 37.69213,49.543368,0 37.693001,49.539963,0 37.693855,49.536314,0 37.694693,49.532422,0 37.695933,49.528946,0 37.697575,49.525884,0 37.69962,49.523237,0 37.702067,49.521005,0 37.704917,49.519187,0 37.708168,49.517785,0 37.711823,49.516798,0 37.715879,49.516225,0 37.719809,49.515341,0 37.723612,49.514146,0 37.727288,49.512639,0 37.730838,49.510821,0 37.73426,49.508691,0 37.737556,49.50625,0 37.740725,49.503497,0 37.743768,49.500434,0 37.746617,49.497677,0 37.749274,49.495229,0 37.751738,49.493089,0 37.754008,49.491256,0 37.756086,49.489731,0 37.757971,49.488514,0 37.759663,49.487605,0 37.761162,49.487003,0 37.762243,49.486111,0 37.762904,49.48493,0 37.763147,49.483458,0 37.76297,49.481696,0 37.762375,49.479644,0 37.761361,49.477301,0 37.759928,49.474669,0 37.758076,49.471747,0 37.756516,49.468899,0 37.755248,49.466127,0 37.754273,49.46343,0 37.753589,49.460808,0 37.753198,49.458261,0 37.753099,49.455789,0 37.753292,49.453392,0 37.753777,49.45107,0 37.753887,49.448899,0 37.753623,49.446878,0 37.752983,49.445007,0 37.751969,49.443287,0 37.75058,49.441718,0 37.748816,49.440299,0 37.746678,49.43903,0 37.744165,49.437912,0 37.741778,49.436618,0 37.739518,49.435148,0 37.737385,49.433503,0 37.735379,49.431682,0 37.7335,49.429685,0 37.731747,49.427513,0 37.730121,49.425165,0 37.728622,49.422641,0 37.727454,49.420271,0 37.726616,49.418055,0 37.726109,49.415994,0 37.725932,49.414086,0 37.726087,49.412333,0 37.726572,49.410734,0 37.727387,49.409289,0 37.728534,49.407998,0 37.730127,49.406832,0 37.732166,49.405792,0 37.734652,49.404878,0 37.737584,49.404089,0 37.740962,49.403425,0 37.744787,49.402887,0 37.749059,49.402475,0 37.753777,49.402188,0 37.758776,49.401653,0 37.764056,49.400871,0 37.769617,49.399842,0 37.775459,49.398565,0 37.781583,49.39704,0 37.787987,49.395268,0 37.794673,49.393248,0 37.801639,49.390981,0 37.814399,49.386823,0 37.820192,49.384932,0 37.830603,49.381528,0 37.839449,49.378625,0 37.843285,49.377362,0 37.847314,49.376425,0 37.851536,49.375815,0 37.855951,49.375532,0 37.860558,49.375575,0 37.865359,49.375944,0 37.870352,49.37664,0 37.875539,49.377663,0 37.880918,49.379012,0 37.886259,49.380053,0 37.891561,49.380785,0 37.896825,49.381208,0 37.90205,49.381323,0 37.907236,49.38113,0 37.912384,49.380627,0 37.917493,49.379816,0 37.922564,49.378697,0 37.927105,49.377344,0 37.931118,49.375757,0 37.934601,49.373938,0 37.937555,49.371885,0 37.93998,49.369598,0 37.941876,49.367079,0 37.943243,49.364326,0 37.944081,49.361339,0 37.944753,49.358471,0 37.94526,49.355721,0 37.945602,49.35309,0 37.945779,49.350577,0 37.94579,49.348182,0 37.945635,49.345906,0 37.945316,49.343748,0 37.944831,49.341708,0 37.944649,49.339812,0 37.94477,49.338059,0 37.945194,49.336451,0 37.945922,49.334985,0 37.946953,49.333664,0 37.948286,49.332486,0 37.949923,49.331451,0 37.951863,49.330561,0 37.953434,49.329235,0 37.954636,49.327474,0 37.955468,49.325279,0 37.955931,49.322649,0 37.956025,49.319584,0 37.955749,49.316084,0 37.955104,49.312149,0 37.95409,49.30778,0 37.95371,49.303532,0 37.953963,49.299407,0 37.954851,49.295403,0 37.956372,49.291521,0 37.958527,49.287761,0 37.961316,49.284123,0 37.964738,49.280607,0 37.968795,49.277212,0 37.972548,49.273994,0 37.975999,49.270952,0 37.979146,49.268086,0 37.98199,49.265396,0 37.984531,49.262882,0 37.986768,49.260544,0 37.988703,49.258382,0 37.990334,49.256397,0 37.991155,49.254533,0 37.991166,49.252792,0 37.990367,49.251173,0 37.988758,49.249677,0 37.986338,49.248303,0 37.983109,49.247051,0 37.979069,49.245921,0 37.974218,49.244913,0 37.969484,49.244079,0 37.964865,49.243417,0 37.960362,49.242927,0 37.955975,49.242611,0 37.951704,49.242467,0 37.947548,49.242496,0 37.943508,49.242697,0 37.939584,49.243071,0 37.935477,49.243215,0 37.931189,49.243129,0 37.926719,49.242812,0 37.922068,49.242265,0 37.917234,49.241488,0 37.912218,49.24048,0 37.907021,49.239242,0 37.901642,49.237774,0 37.897045,49.236209,0 37.893231,49.234546,0 37.8902,49.232786,0 37.887951,49.230929,0 37.886485,49.228974,0 37.885801,49.226923,0 37.885901,49.224774,0 37.886783,49.222527,0 37.888067,49.22036,0 37.889753,49.218272,0 37.891842,49.216264,0 37.894333,49.214334,0 37.897227,49.212483,0 37.900523,49.210712,0 37.904221,49.20902,0 37.908322,49.207407,0 37.912797,49.205689,0 37.917647,49.203867,0 37.922872,49.20194,0 37.928472,49.199909,0 37.934447,49.197773,0 37.940796,49.195533,0 37.94752,49.193188,0 37.954619,49.190739,0 37.960583,49.188145,0 37.965411,49.185407,0 37.969104,49.182525,0 37.971661,49.179498,0 37.973083,49.176327,0 37.97337,49.173012,0 37.972521,49.169553,0 37.970537,49.165949,0 37.96863,49.162709,0 37.9668,49.159833,0 37.965047,49.157322,0 37.963372,49.155174,0 37.961773,49.15339,0 37.960252,49.15197,0 37.958808,49.150913,0 37.957441,49.150221,0 37.956322,49.149453,0 37.955451,49.14861,0 37.954829,49.14769,0 37.954454,49.146695,0 37.954327,49.145625,0 37.954448,49.144478,0 37.954818,49.143256,0 37.955435,49.141958,0 37.955881,49.14066,0 37.956157,49.139362,0 37.956262,49.138064,0 37.956195,49.136765,0 37.955958,49.135467,0 37.955551,49.134169,0 37.954972,49.132871,0 37.954222,49.131572,0 37.953619,49.130106,0 37.953161,49.128473,0 37.95285,49.126671,0 37.952685,49.124701,0 37.952665,49.122564,0 37.952792,49.120259,0 37.953065,49.117786,0 37.953484,49.115146,0 37.953605,49.112346,0 37.953429,49.109387,0 37.952955,49.10627,0 37.952183,49.102993,0 37.951114,49.099557,0 37.949747,49.095963,0 37.948082,49.092209,0 37.94612,49.088297,0 37.944227,49.084454,0 37.942403,49.080682,0 37.940647,49.07698,0 37.938961,49.073348,0 37.937343,49.069786,0 37.935794,49.066294,0 37.934314,49.062873,0 37.932903,49.059521,0 37.931776,49.056462,0 37.930933,49.053696,0 37.930374,49.051222,0 37.930098,49.04904,0 37.930106,49.047151,0 37.930398,49.045555,0 37.930974,49.044251,0 37.931834,49.043239,0 37.932396,49.042197,0 37.932661,49.041124,0 37.932628,49.04002,0 37.932297,49.038885,0 37.931669,49.03772,0 37.930743,49.036524,0 37.929519,49.035297,0 37.927998,49.03404,0 37.926383,49.032885,0 37.924675,49.031834,0 37.922872,49.030885,0 37.920976,49.03004,0 37.918987,49.029297,0 37.916903,49.028658,0 37.914726,49.028121,0 37.912455,49.027687,0 37.910267,49.027042,0 37.908162,49.026186,0 37.906139,49.025117,0 37.904199,49.023838,0 37.902342,49.022347,0 37.900567,49.020644,0 37.898875,49.018731,0 37.897266,49.016605,0 37.895463,49.014588,0 37.893468,49.012679,0 37.89128,49.010879,0 37.888899,49.009187,0 37.886325,49.007604,0 37.883558,49.006129,0 37.880599,49.004762,0 37.877446,49.003504,0 37.874632,49.001846,0 37.872158,48.999788,0 37.870022,48.997331,0 37.868225,48.994473,0 37.866767,48.991216,0 37.865648,48.987559,0 37.864868,48.983503,0 37.864428,48.979046,0 37.864191,48.974817,0 37.864157,48.970816,0 37.864328,48.967043,0 37.864703,48.963497,0 37.865282,48.960179,0 37.866064,48.957089,0 37.867051,48.954226,0 37.868242,48.951591,0 37.869837,48.949003,0 37.871838,48.946462,0 37.874244,48.943968,0 37.877055,48.941521,0 37.880271,48.939121,0 37.883892,48.936768,0 37.887918,48.934461,0 37.892349,48.932202,0 37.896466,48.93022,0 37.900269,48.928514,0 37.903758,48.927086,0 37.906933,48.925935,0 37.909793,48.92506,0 37.91234,48.924463,0 37.914572,48.924142,0 37.91649,48.924099,0 37.918416,48.924293,0 37.920351,48.924723,0 37.922294,48.925391,0 37.924245,48.926297,0 37.926204,48.927439,0 37.928172,48.928819,0 37.930148,48.930435,0 37.932132,48.932289,0 37.934119,48.933962,0 37.936108,48.935454,0 37.938101,48.936765,0 37.940096,48.937894,0 37.942094,48.938843,0 37.944095,48.939611,0 37.946098,48.940197,0 37.948104,48.940603,0 37.95002,48.940887,0 37.951844,48.94105,0 37.953577,48.941091,0 37.95522,48.941012,0 37.956771,48.940811,0 37.958232,48.940489,0 37.959602,48.940045,0 37.96088,48.93948,0 37.961842,48.938897,0 37.962487,48.938296,0 37.962815,48.937677,0 37.962826,48.93704,0 37.96252,48.936385,0 37.961897,48.935711,0 37.960957,48.93502,0 37.959701,48.93431,0 37.958465,48.933591,0 37.95725,48.932864,0 37.956055,48.932127,0 37.954881,48.931381,0 37.953728,48.930626,0 37.952595,48.929862,0 37.951483,48.929089,0 37.950392,48.928307,0 37.949394,48.927352,0 37.94849,48.926223,0 37.94768,48.924922,0 37.946964,48.923448,0 37.946341,48.921801,0 37.945812,48.919981,0 37.945376,48.917988,0 37.945034,48.915822,0 37.944567,48.913756,0 37.943975,48.911789,0 37.943257,48.909922,0 37.942414,48.908154,0 37.941445,48.906486,0 37.940351,48.904918,0 37.939132,48.903448,0 37.937787,48.902079,0 37.936414,48.900634,0 37.935014,48.899114,0 37.933587,48.897519,0 37.932132,48.895849,0 37.930649,48.894103,0 37.929139,48.892282,0 37.927601,48.890386,0 37.926036,48.888414,0 37.924435,48.886633,0 37.922798,48.885042,0 37.921125,48.883642,0 37.919417,48.882431,0 37.917672,48.881411,0 37.915892,48.880581,0 37.914076,48.879941,0 37.912224,48.879492,0 37.910515,48.879133,0 37.90895,48.878865,0 37.907528,48.878687,0 37.906249,48.8786,0 37.905114,48.878604,0 37.904122,48.878698,0 37.903273,48.878883,0 37.902568,48.879158,0 37.901953,48.879517,0 37.90143,48.879959,0 37.900997,48.880485,0 37.900655,48.881094,0 37.900404,48.881786,0 37.900245,48.882562,0 37.900176,48.883421,0 37.900198,48.884363,0 37.89995,48.885155,0 37.899432,48.885796,0 37.898643,48.886288,0 37.897585,48.886628,0 37.896257,48.886819,0 37.894659,48.886858,0 37.89279,48.886748,0 37.890652,48.886487,0 37.8888,48.886155,0 37.887234,48.885753,0 37.885956,48.88528,0 37.884964,48.884736,0 37.884258,48.884122,0 37.883839,48.883437,0 37.883707,48.882681,0 37.883861,48.881855,0 37.883841,48.881096,0 37.883645,48.880403,0 37.883274,48.879778,0 37.882729,48.87922,0 37.882008,48.878729,0 37.881112,48.878305,0 37.880042,48.877948,0 37.878796,48.877658,0 37.877518,48.877447,0 37.876206,48.877317,0 37.874861,48.877266,0 37.873483,48.877295,0 37.872072,48.877404,0 37.870628,48.877592,0 37.869151,48.877861,0 37.867641,48.878209,0 37.866093,48.878187,0 37.864509,48.877795,0 37.863062,48.876585,0 37.862304,48.875422,0 37.861565,48.873821,0 37.860671,48.871852,0 37.859624,48.869515,0 37.858424,48.866811,0 37.857069,48.86374,0 37.855594,48.860704,0 37.853999,48.857703,0 37.852283,48.854738,0 37.850446,48.851809,0 37.84849,48.848915,0 37.846412,48.846057,0 37.844215,48.843234,0 37.841897,48.840446,0 37.840196,48.83762,0 37.839113,48.834754,0 37.838647,48.831848,0 37.838799,48.828904,0 37.839568,48.82592,0 37.840955,48.822896,0 37.842959,48.819834,0 37.84558,48.816732,0 37.848254,48.813987,0 37.850981,48.811599,0 37.853761,48.809567,0 37.856594,48.807893,0 37.859479,48.806575,0 37.862417,48.805614,0 37.865408,48.80501,0 37.86844,48.804841,0 37.872651,48.80479,0 37.876073,48.804659,0 37.878906,48.804165,0 37.88115,48.803308,0 37.882803,48.802088,0 37.883867,48.800505,0 37.884341,48.798559,0 37.884225,48.79625,0 37.88352,48.793578,0 37.882963,48.791094,0 37.882555,48.788799,0 37.882296,48.786693,0 37.882186,48.784776,0 37.882224,48.783048,0 37.882412,48.781508,0 37.882748,48.780157,0 37.883233,48.778995,0 37.883442,48.777981,0 37.883376,48.777117,0 37.883035,48.776402,0 37.882417,48.775835,0 37.881524,48.775417,0 37.880356,48.775149,0 37.878912,48.775029,0 37.877192,48.775058,0 37.875627,48.774869,0 37.874216,48.774462,0 37.872959,48.773837,0 37.871857,48.772994,0 37.870909,48.771934,0 37.870115,48.770655,0 37.869476,48.769158,0 37.868991,48.767444,0 37.868382,48.7659,0 37.867649,48.764527,0 37.866792,48.763324,0 37.865811,48.762292,0 37.864706,48.761431,0 37.863477,48.760741,0 37.862124,48.760222,0 37.860647,48.759873,0 37.859198,48.759618,0 37.857779,48.759459,0 37.856389,48.759393,0 37.855027,48.759422,0 37.853695,48.759546,0 37.852392,48.759764,0 37.851117,48.760076,0 37.849871,48.760483,0 37.848578,48.760827,0 37.847235,48.761109,0 37.845845,48.761328,0 37.844407,48.761484,0 37.84292,48.761578,0 37.841385,48.761609,0 37.839802,48.761577,0 37.83817,48.761482,0 37.83674,48.761292,0 37.835511,48.761005,0 37.834483,48.760621,0 37.833656,48.760142,0 37.833031,48.759566,0 37.832606,48.758893,0 37.832383,48.758125,0 37.832361,48.75726,0 37.832299,48.756393,0 37.832197,48.755522,0 37.832055,48.754649,0 37.831873,48.753774,0 37.831651,48.752895,0 37.83139,48.752014,0 37.831088,48.75113,0 37.830746,48.750243,0 37.830243,48.749362,0 37.829579,48.748486,0 37.828754,48.747616,0 37.827767,48.746751,0 37.826619,48.745891,0 37.82531,48.745037,0 37.82384,48.744189,0 37.822209,48.743346,0 37.820737,48.742484,0 37.819425,48.741605,0 37.818273,48.740707,0 37.817281,48.739791,0 37.816449,48.738857,0 37.815777,48.737904,0 37.815264,48.736934,0 37.814911,48.735945,0 37.814647,48.734898,0 37.81447,48.733793,0 37.814382,48.73263,0 37.814382,48.731408,0 37.81447,48.730129,0 37.814647,48.728791,0 37.814911,48.727395,0 37.815264,48.72594,0 37.815396,48.724362,0 37.815308,48.722661,0 37.815,48.720835,0 37.81447,48.718886,0 37.813721,48.716813,0 37.812751,48.714617,0 37.81156,48.712296,0 37.810149,48.709852,0 37.808667,48.707554,0 37.807113,48.705401,0 37.805487,48.703393,0 37.803789,48.701531,0 37.80202,48.699814,0 37.800179,48.698243,0 37.798266,48.696817,0 37.796282,48.695536,0 37.79331,48.694211,0 37.789781,48.693028,0 37.784459,48.691677,0 37.777992,48.68995,0 37.770381,48.687847,0 37.761625,48.685368,0 37.751724,48.682513,0 37.743038,48.67989,0 37.735568,48.677498,0 37.729313,48.675338,0 37.724273,48.67341,0 37.720449,48.671713,0 37.717841,48.670248,0 37.716447,48.669014,0 37.71627,48.668012,0 37.716622,48.667088,0 37.717506,48.666242,0 37.71892,48.665473,0 37.720864,48.664782,0 37.723339,48.664169,0 37.726345,48.663633,0 37.729882,48.663175,0 37.733949,48.662795,0 37.737919,48.662277,0 37.741794,48.661621,0 37.745572,48.660828,0 37.749254,48.659897,0 37.752839,48.658827,0 37.756328,48.65762,0 37.759721,48.656276,0 37.763018,48.654793,0 37.766034,48.653455,0 37.768769,48.652262,0 37.771223,48.651213,0 37.773734,48.650081,0 37.774395,48.649567,0 37.775263,48.649059,0 37.776255,48.648588,0 37.777371,48.648153,0 37.778611,48.647756,0 37.779975,48.647396,0 37.781463,48.647072,0 37.783076,48.646785,0 37.784812,48.646535,0 37.786672,48.646322,0 37.788451,48.646068,0 37.79015,48.645773,0 37.791769,48.645437,0 37.793306,48.64506,0 37.794764,48.644642,0 37.79614,48.644184,0 37.796587,48.644011,0 37.796723,48.643719,0 37.797329,48.641523,0 37.797528,48.639316,0 37.797318,48.637097,0 37.796701,48.634868,0 37.795676,48.632628,0 37.794243,48.630377,0 37.792402,48.628115,0 37.790153,48.625842,0 37.788202,48.62355,0 37.786549,48.62124,0 37.785193,48.618912,0 37.784135,48.616566,0 37.783374,48.614201,0 37.782911,48.611818,0 37.781591,48.60924,0 37.779688,48.60584,0 37.779052,48.604827,0 37.778965,48.604572,0 37.778983,48.603826,0 37.779254,48.603022,0 37.779779,48.602159,0 37.780557,48.601239,0 37.781588,48.600259,0 37.782872,48.599222,0 37.78441,48.598126,0 37.786201,48.596972,0 37.788108,48.595888,0 37.79013,48.594875,0 37.792269,48.593932,0 37.794523,48.59306,0 37.796893,48.592258,0 37.799378,48.591526,0 37.80198,48.590865,0 37.804697,48.590275,0 37.807065,48.589703,0 37.809083,48.589149,0 37.810752,48.588614,0 37.812071,48.588098,0 37.813041,48.587599,0 37.813662,48.58712,0 37.813933,48.586658,0 37.813854,48.586216,0 37.812649,48.585695,0 37.810318,48.585096,0 37.806861,48.58442,0 37.802278,48.583665,0 37.796568,48.582833,0 37.789732,48.581923,0 37.78177,48.580935,0 37.772681,48.579869,0 37.764712,48.578947,0 37.757861,48.57817,0 37.752129,48.577536,0 37.747517,48.577047,0 37.746739,48.57697,0 37.744323,48.576414,0 37.736988,48.575644,0 37.72898,48.575636,0 37.720299,48.57639,0 37.712657,48.576993,0 37.706053,48.577445,0 37.700488,48.577744,0 37.695962,48.577892,0 37.692474,48.577888,0 37.690025,48.577732,0 37.688614,48.577424,0 37.688242,48.576965,0 37.688655,48.576382,0 37.689851,48.575677,0 37.691832,48.574848,0 37.694598,48.573896,0 37.698148,48.572821,0 37.702482,48.571623,0 37.7076,48.570302,0 37.713503,48.568858,0 37.718724,48.567436,0 37.723263,48.566037,0 37.72712,48.56466,0 37.730294,48.563306,0 37.732787,48.561974,0 37.734597,48.560665,0 37.735726,48.559379,0 37.736172,48.558115,0 37.736374,48.556709,0 37.736331,48.555162,0 37.736042,48.553473,0 37.735509,48.551642,0 37.734731,48.54967,0 37.733708,48.547556,0 37.73244,48.5453,0 37.730927,48.542903,0 37.729637,48.540764,0 37.728571,48.538884,0 37.727693,48.538067,0 37.726489,48.537141,0 37.72553,48.53674,0 37.724543,48.536269,0 37.723529,48.535729,0 37.722488,48.535119,0 37.721418,48.53444,0 37.720322,48.533692,0 37.719197,48.532875,0 37.718381,48.53209,0 37.717874,48.531338,0 37.717676,48.530619,0 37.717786,48.529933,0 37.718205,48.52928,0 37.718933,48.528659,0 37.719969,48.528072,0 37.721314,48.527517,0 37.72235,48.52692,0 37.723077,48.526281,0 37.723496,48.5256,0 37.723606,48.524878,0 37.723408,48.524113,0 37.722901,48.523306,0 37.722085,48.522457,0 37.720961,48.521567,0 37.7196,48.521012,0 37.718001,48.520793,0 37.716166,48.520909,0 37.714093,48.521362,0 37.711784,48.52215,0 37.709238,48.523275,0 37.706454,48.524735,0 37.703434,48.526531,0 37.70051,48.528235,0 37.697683,48.529849,0 37.694952,48.531371,0 37.692317,48.532802,0 37.689779,48.534141,0 37.687337,48.535389,0 37.684992,48.536546,0 37.680547,48.538657,0 37.676311,48.540688,0 37.674272,48.541673,0 37.670351,48.543584,0 37.666639,48.545414,0 37.664973,48.546184,0 37.663471,48.546821,0 37.662133,48.547324,0 37.660959,48.547692,0 37.659949,48.547927,0 37.659103,48.548027,0 37.658421,48.547993,0 37.658063,48.547938,0 37.657638,48.547805,0 37.657213,48.547575,0 37.65679,48.54725,0 37.656355,48.546938,0 37.655911,48.546639,0 37.655456,48.546354,0 37.65499,48.546083,0 37.654514,48.545825,0 37.654027,48.545581,0 37.65353,48.54535,0 37.653023,48.545132,0 37.652558,48.544946,0 37.652135,48.544791,0 37.651755,48.544667,0 37.651418,48.544575,0 37.651123,48.544513,0 37.650871,48.544483,0 37.650661,48.544484,0 37.649948,48.544644,0 37.649669,48.54474,0 37.649093,48.545021,0 37.648665,48.54514,0 37.64815,48.545227,0 37.647478,48.545328,0 37.646673,48.545474,0 37.645736,48.545667,0 37.645145,48.545799,0 37.644636,48.545924,0 37.644029,48.546094,0 37.643451,48.546293,0 37.643049,48.546459,0 37.642545,48.546736,0 37.641981,48.547074,0 37.64167,48.547238,0 37.640685,48.54771,0 37.640073,48.548036,0 37.639506,48.548429,0 37.638992,48.548756,0 37.638267,48.549203,0 37.637328,48.549772,0 37.636806,48.550028,0 37.636256,48.550241,0 37.635679,48.55041,0 37.635076,48.550535,0 37.634445,48.550617,0 37.633788,48.550656,0 37.633103,48.550651,0 37.632392,48.550602,0 37.631744,48.550268,0 37.631161,48.549649,0 37.630642,48.548745,0 37.630186,48.547555,0 37.629795,48.54608,0 37.629468,48.544319,0 37.629206,48.542274,0 37.629007,48.539942,0 37.628718,48.537525,0 37.628339,48.53502,0 37.62787,48.532428,0 37.627311,48.52975,0 37.626661,48.526985,0 37.625836,48.524148,0 37.625401,48.522777,0 37.62388,48.52002,0 37.622425,48.516712,0 37.621036,48.512853,0 37.619713,48.508442,0 37.618737,48.504418,0 37.618109,48.500781,0 37.617828,48.497531,0 37.617894,48.494668,0 37.618308,48.492192,0 37.619068,48.490103,0 37.620176,48.488401,0 37.621631,48.487086,0 37.622684,48.485709,0 37.623334,48.48427,0 37.623582,48.482768,0 37.623428,48.481205,0 37.622871,48.479579,0 37.621912,48.477891,0 37.620551,48.476141,0 37.618787,48.474328,0 37.616957,48.472512,0 37.615061,48.470692,0 37.613099,48.468869,0 37.611071,48.467042,0 37.608976,48.465211,0 37.606816,48.463376,0 37.604589,48.461538,0 37.602296,48.459696,0 37.600053,48.457938,0 37.59786,48.456264,0 37.595716,48.454674,0 37.593621,48.453168,0 37.591576,48.451746,0 37.589581,48.450408,0 37.587636,48.449154,0 37.58574,48.447984,0 37.583155,48.446968,0 37.579881,48.446105,0 37.575918,48.445396,0 37.571266,48.44484,0 37.565925,48.444438,0 37.559896,48.444189,0 37.553177,48.444094,0 37.54577,48.444153,0 37.538985,48.444442,0 37.532823,48.444961,0 37.527284,48.44571,0 37.522367,48.44669,0 37.518074,48.4479,0 37.514403,48.44934,0 37.511355,48.451011,0 37.50893,48.452912,0 37.506262,48.454619,0 37.503352,48.456132,0 37.5002,48.457452,0 37.496805,48.458578,0 37.493167,48.45951,0 37.489287,48.460248,0 37.485164,48.460793,0 37.480799,48.461144,0 37.476351,48.462033,0 37.471821,48.463462,0 37.467207,48.465429,0 37.462511,48.467936,0 37.457733,48.470981,0 37.452872,48.474565,0 37.447928,48.478688,0 37.442901,48.48335,0 37.438624,48.487814,0 37.435097,48.492081,0 37.433642,48.494212,0 37.433176,48.494505,0 37.431324,48.49513,0 37.429048,48.495787,0 37.426675,48.496408,0 37.424206,48.496993,0 37.42166,48.49755,0 37.419036,48.498079,0 37.416335,48.498581,0 37.413558,48.499056,0 37.410703,48.499504,0 37.40777,48.499924,0 37.404761,48.500316,0 37.401675,48.500681,0 37.398569,48.500921,0 37.395444,48.501034,0 37.392299,48.501021,0 37.389136,48.500882,0 37.385953,48.500617,0 37.382751,48.500227,0 37.379529,48.49971,0 37.375635,48.498362,0 37.37439,48.497941,0 37.371912,48.496803,0 37.369355,48.495985,0 37.366918,48.494918,0 37.364604,48.493603,0 37.36241,48.492039,0 37.360338,48.490227,0 37.358387,48.488167,0 37.356557,48.485858,0 37.354848,48.483301,0 37.353261,48.480495,0 37.350767,48.477821,0 37.347366,48.475278,0 37.343059,48.472866,0 37.337845,48.470586,0 37.331724,48.468438,0 37.324697,48.46642,0 37.316763,48.464535,0 37.307922,48.46278,0 37.299454,48.461224,0 37.291357,48.459864,0 37.283633,48.458702,0 37.27628,48.457737,0 37.2693,48.456969,0 37.262692,48.456399,0 37.256455,48.456026,0 37.250591,48.455851,0 37.245297,48.455557,0 37.240574,48.455144,0 37.236421,48.454612,0 37.232838,48.453961,0 37.229826,48.453192,0 37.227384,48.452303,0 37.225513,48.451296,0 37.224212,48.45017,0 37.223143,48.449077,0 37.222305,48.448017,0 37.221699,48.44699,0 37.221324,48.445995,0 37.221181,48.445034,0 37.221269,48.444105,0 37.221589,48.443209,0 37.22214,48.442347,0 37.222275,48.441551,0 37.221994,48.440824,0 37.221297,48.440164,0 37.220183,48.439571,0 37.218654,48.439047,0 37.216708,48.43859,0 37.214347,48.4382,0 37.211569,48.437879,0 37.20913,48.437564,0 37.20703,48.437257,0 37.205269,48.436957,0 37.203847,48.436665,0 37.202764,48.436379,0 37.20202,48.436101,0 37.201615,48.435831,0 37.201549,48.435568,0 37.201764,48.435266,0 37.20226,48.434926,0 37.203037,48.434547,0 37.204095,48.43413,0 37.205434,48.433675,0 37.207055,48.433181,0 37.208956,48.432649,0 37.211139,48.432079,0 37.213074,48.431404,0 37.21476,48.430625,0 37.216199,48.429742,0 37.217389,48.428754,0 37.218332,48.427663,0 37.219026,48.426467,0 37.219472,48.425166,0 37.219671,48.423762,0 37.219346,48.422471,0 37.218497,48.421293,0 37.217125,48.420229,0 37.215229,48.419278,0 37.212809,48.41844,0 37.209866,48.417716,0 37.206399,48.417105,0 37.202409,48.416607,0 37.198898,48.416,0 37.195866,48.415283,0 37.193314,48.414456,0 37.191242,48.41352,0 37.189649,48.412473,0 37.188536,48.411317,0 37.187902,48.410052,0 37.187748,48.408676,0 37.187436,48.407445,0 37.186968,48.406358,0 37.186342,48.405416,0 37.18556,48.404618,0 37.18462,48.403965,0 37.183523,48.403457,0 37.182269,48.403093,0 37.180858,48.402873,0 37.178808,48.402648,0 37.176118,48.402418,0 37.172789,48.402182,0 37.168821,48.40194,0 37.164213,48.401693,0 37.158966,48.401441,0 37.15308,48.401183,0 37.146554,48.400919,0 37.140191,48.400905,0 37.13399,48.401139,0 37.127953,48.401622,0 37.122077,48.402353,0 37.116364,48.403334,0 37.110814,48.404563,0 37.105427,48.406041,0 37.100202,48.407768,0 37.095473,48.409188,0 37.09124,48.4103,0 37.087503,48.411105,0 37.084262,48.411603,0 37.081517,48.411793,0 37.079269,48.411676,0 37.077516,48.411252,0 37.076259,48.41052,0 37.075375,48.409733,0 37.074862,48.408892,0 37.074675,48.408424,0 37.07448,48.407841,0 37.074327,48.407178,0 37.074216,48.406435,0 37.074147,48.405611,0 37.074119,48.404706,0 37.073939,48.403672,0 37.073608,48.402508,0 37.073126,48.401214,0 37.072492,48.39979,0 37.071706,48.398236,0 37.070769,48.396552,0 37.069681,48.394739,0 37.068441,48.392796,0 37.066922,48.390877,0 37.065123,48.388983,0 37.063046,48.387113,0 37.06069,48.385269,0 37.058055,48.383449,0 37.05514,48.381653,0 37.051947,48.379882,0 37.048475,48.378136,0 37.045061,48.376577,0 37.041706,48.375207,0 37.038409,48.374023,0 37.035171,48.373028,0 37.031991,48.37222,0 37.02887,48.371599,0 37.025807,48.371166,0 37.022803,48.370921,0 37.020124,48.370683,0 37.017771,48.37045,0 37.015743,48.370224,0 37.01404,48.370005,0 37.012662,48.369792,0 37.01161,48.369585,0 37.010883,48.369384,0 37.009553,48.368966,0 37.008522,48.368349,0 37.008213,48.367338,0 37.008301,48.366362,0 37.008787,48.365421,0 37.009668,48.364515,0 37.010947,48.363644,0 37.012623,48.362807,0 37.014695,48.362005,0 37.017164,48.361238,0 37.02003,48.360505,0 37.022742,48.359685,0 37.025299,48.358777,0 37.027702,48.35778,0 37.029951,48.356696,0 37.032045,48.355524,0 37.033985,48.354264,0 37.035771,48.352917,0 37.037403,48.351481,0 37.039045,48.350045,0 37.040699,48.348609,0 37.042363,48.347173,0 37.044039,48.345737,0 37.045725,48.344301,0 37.047423,48.342865,0 37.049131,48.341429,0 37.050851,48.339993,0 37.052163,48.33848,0 37.053067,48.33689,0 37.053563,48.335223,0 37.053651,48.333479,0 37.053331,48.331657,0 37.052604,48.329759,0 37.051468,48.327784,0 37.049925,48.325732,0 37.048834,48.323672,0 37.048194,48.321605,0 37.048007,48.319531,0 37.048272,48.317449,0 37.048988,48.31536,0 37.050156,48.313263,0 37.051777,48.311159,0 37.053849,48.309048,0 37.055657,48.306734,0 37.0572,48.304219,0 37.058479,48.301502,0 37.059493,48.298584,0 37.060243,48.295463,0 37.060728,48.292141,0 37.060948,48.288616,0 37.060904,48.28489,0 37.060401,48.28155,0 37.059439,48.278596,0 37.058019,48.276028,0 37.056139,48.273845,0 37.053801,48.272049,0 37.051004,48.270639,0 37.047748,48.269615,0 37.044033,48.268976,0 37.040491,48.268354,0 37.03712,48.267749,0 37.033922,48.26716,0 37.030896,48.266588,0 37.028043,48.266032,0 37.025361,48.265493,0 37.022852,48.26497,0 37.020515,48.264464,0 37.018118,48.264043,0 37.015659,48.263707,0 37.013141,48.263456,0 37.010561,48.263291,0 37.007921,48.263211,0 37.005221,48.263217,0 37.002459,48.263308,0 36.999637,48.263484,0 36.99709,48.26355,0 36.994816,48.263506,0 36.992817,48.263352,0 36.991092,48.263088,0 36.989641,48.262713,0 36.988464,48.262229,0 36.987561,48.261635,0 36.986933,48.26093,0 36.986411,48.260149,0 36.985995,48.25929,0 36.985685,48.258354,0 36.985481,48.257341,0 36.985383,48.256251,0 36.985391,48.255084,0 36.985506,48.25384,0 36.985726,48.252519,0 36.985624,48.251235,0 36.9852,48.249987,0 36.984453,48.248776,0 36.983384,48.247601,0 36.981992,48.246464,0 36.980278,48.245363,0 36.978241,48.244298,0 36.975882,48.24327,0 36.973253,48.242388,0 36.970354,48.24165,0 36.967185,48.241057,0 36.963746,48.240609,0 36.960037,48.240306,0 36.956057,48.240149,0 36.951808,48.240136,0 36.947288,48.240268,0 36.943259,48.240295,0 36.939721,48.240218,0 36.936673,48.240037,0 36.934116,48.23975,0 36.932049,48.239359,0 36.930472,48.238864,0 36.929387,48.238264,0 36.928791,48.237559,0 36.928364,48.236496,0 36.928105,48.235075,0 36.928014,48.233296,0 36.928091,48.231159,0 36.928337,48.228664,0 36.92875,48.22581,0 36.929331,48.222599,0 36.930081,48.21903,0 36.930654,48.215732,0 36.931051,48.212706,0 36.931272,48.209952,0 36.931316,48.207469,0 36.931183,48.205258,0 36.930875,48.203319,0 36.93039,48.201651,0 36.929728,48.200255,0 36.929105,48.198858,0 36.928521,48.197458,0 36.927976,48.196056,0 36.927469,48.194653,0 36.927,48.193247,0 36.92657,48.19184,0 36.926179,48.190431,0 36.925826,48.18902,0 36.92571,48.187672,0 36.925832,48.186386,0 36.92619,48.185162,0 36.926785,48.184001,0 36.927617,48.182902,0 36.928687,48.181866,0 36.929993,48.180892,0 36.931536,48.17998,0 36.93263,48.179082,0 36.933275,48.178196,0 36.933471,48.177323,0 36.933217,48.176463,0 36.932514,48.175616,0 36.931362,48.174782,0 36.929761,48.17396,0 36.927711,48.173152,0 36.925509,48.172661,0 36.923156,48.172488,0 36.920651,48.172633,0 36.917994,48.173096,0 36.915186,48.173877,0 36.912226,48.174976,0 36.909115,48.176393,0 36.905852,48.178128,0 36.902859,48.1798,0 36.900137,48.18141,0 36.897684,48.182957,0 36.895501,48.184442,0 36.893589,48.185864,0 36.892063,48.187126,0 36.892318,48.187406,0 36.892653,48.187851,0 36.893007,48.188409,0 36.893104,48.188642,0 36.893155,48.188889,0 36.893148,48.189284,0 36.892976,48.190228,0 36.892967,48.190534,0 36.893009,48.190785,0 36.893636,48.193236,0 36.893679,48.193651,0 36.893647,48.194024,0 36.893541,48.194354,0 36.893361,48.194643,0 36.893106,48.19489,0 36.892777,48.195095,0 36.892374,48.195258,0 36.891896,48.195379,0 36.89136,48.195414,0 36.890764,48.195363,0 36.890108,48.195227,0 36.889393,48.195004,0 36.888619,48.194696,0 36.887786,48.194302,0 36.886893,48.193823,0 36.885941,48.193257,0 36.885071,48.192747,0 36.883576,48.191894,0 36.882803,48.191491,0 36.881237,48.190951,0 36.879595,48.190115,0 36.877875,48.188984,0 36.876858,48.18767,0 36.876544,48.186174,0 36.876933,48.184497,0 36.878024,48.182637,0 36.879818,48.180595,0 36.882315,48.178372,0 36.885514,48.175966,0 36.889417,48.173379,0 36.892511,48.170876,0 36.894799,48.168457,0 36.896278,48.166123,0 36.896951,48.163873,0 36.896816,48.161708,0 36.895873,48.159627,0 36.894123,48.157631,0 36.891566,48.155719,0 36.889439,48.15335,0 36.887741,48.150526,0 36.886473,48.147245,0 36.885636,48.143508,0 36.885228,48.139314,0 36.88525,48.134664,0 36.885702,48.129558,0 36.886584,48.123996,0 36.887124,48.11907,0 36.887322,48.11478,0 36.887179,48.111127,0 36.886694,48.10811,0 36.885867,48.10573,0 36.884699,48.103986,0 36.883188,48.102878,0 36.881337,48.102407,0 36.879534,48.101836,0 36.877782,48.101167,0 36.876078,48.100397,0 36.874425,48.099528,0 36.872821,48.09856,0 36.871267,48.097493,0 36.869762,48.096326,0 36.868307,48.09506,0 36.866995,48.093804,0 36.865827,48.09256,0 36.864802,48.091327,0 36.86392,48.090105,0 36.863181,48.088893,0 36.862586,48.087693,0 36.862134,48.086504,0 36.861826,48.085326,0 36.861241,48.084258,0 36.860381,48.083301,0 36.859246,48.082454,0 36.857835,48.081717,0 36.856149,48.081092,0 36.854186,48.080576,0 36.851949,48.080171,0 36.849435,48.079876,0 36.84711,48.079468,0 36.844971,48.078945,0 36.84302,48.078308,0 36.841256,48.077556,0 36.83968,48.076691,0 36.838291,48.075711,0 36.83709,48.074618,0 36.836075,48.07341,0 36.83489,48.072213,0 36.833535,48.071027,0 36.832008,48.069852,0 36.83031,48.068688,0 36.828442,48.067536,0 36.826403,48.066394,0 36.824192,48.065263,0 36.821811,48.064143,0 36.819339,48.063071,0</coordinates></LinearRing></outerBoundaryIs><innerBoundaryIs><LinearRing><coordinates>37.626988,48.524982,0 37.625628,48.523093,0 37.625401,48.522777,0 37.626988,48.524982,0</coordinates></LinearRing></innerBoundaryIs></Polygon>
  </Placemark>
</Folder>
</Document></kml>
